date,trends_gripe_es,trends_resfriado_es,trends_paracetamol_es,trends_bronquitis_es,trends_tos_es,trends_inhalador_es,trends_flu_eu,trends_cold_eu,trends_paracetamol_eu,trends_bronchitis_eu,trends_cough_eu,trends_inhaler_eu
2012-01-01,7.000000000000001,39.0,21.0,51.0,22.0,25.0,14.000000000000002,33.0,18.0,0.0,17.0,0.0
2012-01-08,,,,,,,,,,,,
2012-01-15,,,,,,,,,,,,
2012-01-22,,,,,,,,,,,,
2012-01-29,,,,,,,,,,,,
2012-02-05,9.0,40.0,23.0,53.0,25.0,28.000000000000004,12.0,40.0,18.0,0.0,32.0,0.0
2012-02-12,,,,,,,,,,,,
2012-02-19,,,,,,,,,,,,
2012-02-26,,,,,,,,,,,,
2012-03-04,5.0,28.000000000000004,19.0,42.0,21.0,25.0,9.0,34.0,19.0,0.0,34.0,0.0
2012-03-11,,,,,,,,,,,,
2012-03-18,,,,,,,,,,,,
2012-03-25,,,,,,,,,,,,
2012-04-01,3.0,20.0,17.0,30.0,17.0,26.0,6.0,32.0,14.000000000000002,0.0,20.0,0.0
2012-04-08,,,,,,,,,,,,
2012-04-15,,,,,,,,,,,,
2012-04-22,,,,,,,,,,,,
2012-04-29,,,,,,,,,,,,
2012-05-06,2.0,18.0,17.0,26.0,16.0,25.0,6.0,43.0,14.000000000000002,0.0,19.0,0.0
2012-05-13,,,,,,,,,,,,
2012-05-20,,,,,,,,,,,,
2012-05-27,,,,,,,,,,,,
2012-06-03,1.0,11.0,17.0,19.0,13.0,24.0,7.000000000000001,30.0,15.0,0.0,16.0,0.0
2012-06-10,,,,,,,,,,,,
2012-06-17,,,,,,,,,,,,
2012-06-24,,,,,,,,,,,,
2012-07-01,1.0,10.0,17.0,15.0,11.0,17.0,4.0,27.0,16.0,0.0,20.0,0.0
2012-07-08,,,,,,,,,,,,
2012-07-15,,,,,,,,,,,,
2012-07-22,,,,,,,,,,,,
2012-07-29,,,,,,,,,,,,
2012-08-05,1.0,13.0,17.0,16.0,12.0,16.0,6.0,30.0,15.0,0.0,0.0,0.0
2012-08-12,,,,,,,,,,,,
2012-08-19,,,,,,,,,,,,
2012-08-26,,,,,,,,,,,,
2012-09-02,3.0,27.0,18.0,23.0,16.0,17.0,6.0,28.000000000000004,18.0,0.0,26.0,0.0
2012-09-09,,,,,,,,,,,,
2012-09-16,,,,,,,,,,,,
2012-09-23,,,,,,,,,,,,
2012-09-30,,,,,,,,,,,,
2012-10-07,7.000000000000001,43.0,20.0,37.0,21.0,25.0,8.0,33.0,19.0,0.0,16.0,0.0
2012-10-14,,,,,,,,,,,,
2012-10-21,,,,,,,,,,,,
2012-10-28,,,,,,,,,,,,
2012-11-04,5.0,35.0,20.0,45.0,23.0,28.999999999999996,9.0,32.0,19.0,0.0,22.0,0.0
2012-11-11,,,,,,,,,,,,
2012-11-18,,,,,,,,,,,,
2012-11-25,,,,,,,,,,,,
2012-12-02,4.0,39.0,21.0,54.0,26.0,20.0,7.000000000000001,31.0,21.0,0.0,28.000000000000004,0.0
2012-12-09,,,,,,,,,,,,
2012-12-16,,,,,,,,,,,,
2012-12-23,,,,,,,,,,,,
2012-12-30,,,,,,,,,,,,
2013-01-06,7.000000000000001,44.0,26.0,53.0,26.0,26.0,10.0,34.0,23.0,0.0,20.0,0.0
2013-01-13,,,,,,,,,,,,
2013-01-20,,,,,,,,,,,,
2013-01-27,,,,,,,,,,,,
2013-02-03,10.0,44.0,28.999999999999996,55.00000000000001,27.0,30.0,11.0,28.000000000000004,25.0,69.0,28.000000000000004,0.0
2013-02-10,,,,,,,,,,,,
2013-02-17,,,,,,,,,,,,
2013-02-24,,,,,,,,,,,,
2013-03-03,6.0,33.0,25.0,44.0,24.0,36.0,11.0,28.999999999999996,22.0,57.99999999999999,20.0,0.0
2013-03-10,,,,,,,,,,,,
2013-03-17,,,,,,,,,,,,
2013-03-24,,,,,,,,,,,,
2013-03-31,,,,,,,,,,,,
2013-04-07,4.0,23.0,20.0,40.0,19.0,28.999999999999996,9.0,28.999999999999996,19.0,0.0,18.0,0.0
2013-04-14,,,,,,,,,,,,
2013-04-21,,,,,,,,,,,,
2013-04-28,,,,,,,,,,,,
2013-05-05,3.0,25.0,20.0,32.0,19.0,28.999999999999996,5.0,36.0,18.0,0.0,27.0,0.0
2013-05-12,,,,,,,,,,,,
2013-05-19,,,,,,,,,,,,
2013-05-26,,,,,,,,,,,,
2013-06-02,2.0,18.0,19.0,26.0,18.0,28.000000000000004,5.0,25.0,18.0,0.0,21.0,0.0
2013-06-09,,,,,,,,,,,,
2013-06-16,,,,,,,,,,,,
2013-06-23,,,,,,,,,,,,
2013-06-30,,,,,,,,,,,,
2013-07-07,1.0,13.0,19.0,22.0,14.000000000000002,20.0,3.0,28.999999999999996,18.0,0.0,23.0,0.0
2013-07-14,,,,,,,,,,,,
2013-07-21,,,,,,,,,,,,
2013-07-28,,,,,,,,,,,,
2013-08-04,2.0,16.0,21.0,20.0,14.000000000000002,23.0,4.0,27.0,19.0,0.0,17.0,0.0
2013-08-11,,,,,,,,,,,,
2013-08-18,,,,,,,,,,,,
2013-08-25,,,,,,,,,,,,
2013-09-01,3.0,35.0,22.0,27.0,17.0,28.999999999999996,7.000000000000001,31.0,20.0,0.0,20.0,30.0
2013-09-08,,,,,,,,,,,,
2013-09-15,,,,,,,,,,,,
2013-09-22,,,,,,,,,,,,
2013-09-29,,,,,,,,,,,,
2013-10-06,6.0,43.0,24.0,37.0,21.0,30.0,7.000000000000001,31.0,24.0,0.0,20.0,0.0
2013-10-13,,,,,,,,,,,,
2013-10-20,,,,,,,,,,,,
2013-10-27,,,,,,,,,,,,
2013-11-03,5.0,47.0,24.0,41.0,23.0,34.0,9.0,37.0,23.0,0.0,20.0,0.0
2013-11-10,,,,,,,,,,,,
2013-11-17,,,,,,,,,,,,
2013-11-24,,,,,,,,,,,,
2013-12-01,6.0,61.0,30.0,64.0,35.0,41.0,10.0,33.0,30.0,0.0,27.0,0.0
2013-12-08,,,,,,,,,,,,
2013-12-15,,,,,,,,,,,,
2013-12-22,,,,,,,,,,,,
2013-12-29,,,,,,,,,,,,
2014-01-05,41.0,63.0,34.0,79.0,41.0,42.0,11.0,34.0,31.0,0.0,24.0,0.0
2014-01-12,,,,,,,,,,,,
2014-01-19,,,,,,,,,,,,
2014-01-26,,,,,,,,,,,,
2014-02-02,14.000000000000002,44.0,28.000000000000004,53.0,28.999999999999996,32.0,9.0,30.0,26.0,0.0,23.0,0.0
2014-02-09,,,,,,,,,,,,
2014-02-16,,,,,,,,,,,,
2014-02-23,,,,,,,,,,,,
2014-03-02,5.0,38.0,25.0,46.0,25.0,31.0,12.0,31.0,25.0,0.0,28.999999999999996,0.0
2014-03-09,,,,,,,,,,,,
2014-03-16,,,,,,,,,,,,
2014-03-23,,,,,,,,,,,,
2014-03-30,,,,,,,,,,,,
2014-04-06,3.0,27.0,24.0,40.0,23.0,30.0,6.0,33.0,22.0,0.0,26.0,0.0
2014-04-13,,,,,,,,,,,,
2014-04-20,,,,,,,,,,,,
2014-04-27,,,,,,,,,,,,
2014-05-04,2.0,23.0,23.0,35.0,19.0,44.0,6.0,28.999999999999996,21.0,0.0,30.0,0.0
2014-05-11,,,,,,,,,,,,
2014-05-18,,,,,,,,,,,,
2014-05-25,,,,,,,,,,,,
2014-06-01,2.0,19.0,22.0,27.0,18.0,28.999999999999996,4.0,28.000000000000004,21.0,0.0,27.0,0.0
2014-06-08,,,,,,,,,,,,
2014-06-15,,,,,,,,,,,,
2014-06-22,,,,,,,,,,,,
2014-06-29,,,,,,,,,,,,
2014-07-06,2.0,15.0,22.0,22.0,16.0,21.0,6.0,45.0,21.0,0.0,17.0,0.0
2014-07-13,,,,,,,,,,,,
2014-07-20,,,,,,,,,,,,
2014-07-27,,,,,,,,,,,,
2014-08-03,2.0,20.0,26.0,21.0,17.0,20.0,6.0,33.0,24.0,0.0,18.0,0.0
2014-08-10,,,,,,,,,,,,
2014-08-17,,,,,,,,,,,,
2014-08-24,,,,,,,,,,,,
2014-08-31,,,,,,,,,,,,
2014-09-07,3.0,36.0,26.0,28.000000000000004,20.0,28.000000000000004,5.0,32.0,23.0,0.0,16.0,0.0
2014-09-14,,,,,,,,,,,,
2014-09-21,,,,,,,,,,,,
2014-09-28,,,,,,,,,,,,
2014-10-05,11.0,56.99999999999999,28.000000000000004,49.0,28.000000000000004,37.0,13.0,34.0,28.999999999999996,0.0,26.0,0.0
2014-10-12,,,,,,,,,,,,
2014-10-19,,,,,,,,,,,,
2014-10-26,,,,,,,,,,,,
2014-11-02,6.0,48.0,28.000000000000004,55.00000000000001,30.0,37.0,10.0,35.0,26.0,0.0,23.0,0.0
2014-11-09,,,,,,,,,,,,
2014-11-16,,,,,,,,,,,,
2014-11-23,,,,,,,,,,,,
2014-11-30,,,,,,,,,,,,
2014-12-07,7.000000000000001,64.0,33.0,74.0,40.0,41.0,10.0,36.0,32.0,0.0,34.0,0.0
2014-12-14,,,,,,,,,,,,
2014-12-21,,,,,,,,,,,,
2014-12-28,,,,,,,,,,,,
2015-01-04,20.0,81.0,40.0,100.0,54.0,52.0,14.000000000000002,50.0,47.0,62.0,44.0,0.0
2015-01-11,,,,,,,,,,,,
2015-01-18,,,,,,,,,,,,
2015-01-25,,,,,,,,,,,,
2015-02-01,18.0,61.0,36.0,80.0,47.0,51.0,15.0,35.0,35.0,0.0,44.0,0.0
2015-02-08,,,,,,,,,,,,
2015-02-15,,,,,,,,,,,,
2015-02-22,,,,,,,,,,,,
2015-03-01,7.000000000000001,44.0,32.0,60.0,35.0,51.0,10.0,30.0,30.0,56.99999999999999,31.0,0.0
2015-03-08,,,,,,,,,,,,
2015-03-15,,,,,,,,,,,,
2015-03-22,,,,,,,,,,,,
2015-03-29,,,,,,,,,,,,
2015-04-05,3.0,34.0,28.999999999999996,48.0,32.0,41.0,8.0,31.0,26.0,0.0,26.0,33.0
2015-04-12,,,,,,,,,,,,
2015-04-19,,,,,,,,,,,,
2015-04-26,,,,,,,,,,,,
2015-05-03,2.0,27.0,27.0,39.0,28.000000000000004,52.0,9.0,27.0,24.0,0.0,35.0,0.0
2015-05-10,,,,,,,,,,,,
2015-05-17,,,,,,,,,,,,
2015-05-24,,,,,,,,,,,,
2015-05-31,,,,,,,,,,,,
2015-06-07,2.0,19.0,26.0,28.999999999999996,23.0,30.0,6.0,28.000000000000004,23.0,0.0,28.000000000000004,0.0
2015-06-14,,,,,,,,,,,,
2015-06-21,,,,,,,,,,,,
2015-06-28,,,,,,,,,,,,
2015-07-05,1.0,15.0,25.0,24.0,19.0,26.0,6.0,31.0,22.0,0.0,23.0,0.0
2015-07-12,,,,,,,,,,,,
2015-07-19,,,,,,,,,,,,
2015-07-26,,,,,,,,,,,,
2015-08-02,1.0,22.0,27.0,24.0,19.0,21.0,6.0,28.000000000000004,26.0,0.0,20.0,0.0
2015-08-09,,,,,,,,,,,,
2015-08-16,,,,,,,,,,,,
2015-08-23,,,,,,,,,,,,
2015-08-30,,,,,,,,,,,,
2015-09-06,3.0,49.0,28.999999999999996,34.0,28.000000000000004,30.0,8.0,30.0,28.999999999999996,0.0,18.0,31.0
2015-09-13,,,,,,,,,,,,
2015-09-20,,,,,,,,,,,,
2015-09-27,,,,,,,,,,,,
2015-10-04,8.0,53.0,32.0,47.0,38.0,39.0,8.0,34.0,31.0,41.0,31.0,0.0
2015-10-11,,,,,,,,,,,,
2015-10-18,,,,,,,,,,,,
2015-10-25,,,,,,,,,,,,
2015-11-01,6.0,55.00000000000001,30.0,56.99999999999999,51.0,45.0,10.0,36.0,31.0,0.0,33.0,0.0
2015-11-08,,,,,,,,,,,,
2015-11-15,,,,,,,,,,,,
2015-11-22,,,,,,,,,,,,
2015-11-29,,,,,,,,,,,,
2015-12-06,6.0,61.0,36.0,81.0,52.0,51.0,9.0,44.0,33.0,51.0,42.0,0.0
2015-12-13,,,,,,,,,,,,
2015-12-20,,,,,,,,,,,,
2015-12-27,,,,,,,,,,,,
2016-01-03,8.0,60.0,34.0,75.0,44.0,48.0,11.0,43.0,31.0,0.0,38.0,0.0
2016-01-10,,,,,,,,,,,,
2016-01-17,,,,,,,,,,,,
2016-01-24,,,,,,,,,,,,
2016-01-31,,,,,,,,,,,,
2016-02-07,14.000000000000002,55.00000000000001,36.0,66.0,46.0,47.0,11.0,41.0,36.0,0.0,38.0,0.0
2016-02-14,,,,,,,,,,,,
2016-02-21,,,,,,,,,,,,
2016-02-28,,,,,,,,,,,,
2016-03-06,17.0,52.0,38.0,68.0,46.0,49.0,13.0,40.0,37.0,0.0,31.0,0.0
2016-03-13,,,,,,,,,,,,
2016-03-20,,,,,,,,,,,,
2016-03-27,,,,,,,,,,,,
2016-04-03,6.0,36.0,28.999999999999996,47.0,35.0,41.0,11.0,39.0,26.0,0.0,27.0,0.0
2016-04-10,,,,,,,,,,,,
2016-04-17,,,,,,,,,,,,
2016-04-24,,,,,,,,,,,,
2016-05-01,3.0,32.0,28.999999999999996,37.0,33.0,44.0,10.0,40.0,27.0,0.0,27.0,0.0
2016-05-08,,,,,,,,,,,,
2016-05-15,,,,,,,,,,,,
2016-05-22,,,,,,,,,,,,
2016-05-29,,,,,,,,,,,,
2016-06-05,2.0,22.0,28.000000000000004,32.0,26.0,38.0,7.000000000000001,36.0,25.0,0.0,25.0,0.0
2016-06-12,,,,,,,,,,,,
2016-06-19,,,,,,,,,,,,
2016-06-26,,,,,,,,,,,,
2016-07-03,2.0,18.0,28.999999999999996,26.0,20.0,31.0,6.0,42.0,24.0,0.0,14.000000000000002,0.0
2016-07-10,,,,,,,,,,,,
2016-07-17,,,,,,,,,,,,
2016-07-24,,,,,,,,,,,,
2016-07-31,,,,,,,,,,,,
2016-08-07,2.0,23.0,33.0,25.0,19.0,26.0,8.0,51.0,26.0,0.0,0.0,0.0
2016-08-14,,,,,,,,,,,,
2016-08-21,,,,,,,,,,,,
2016-08-28,,,,,,,,,,,,
2016-09-04,3.0,42.0,33.0,28.000000000000004,22.0,36.0,9.0,51.0,28.000000000000004,0.0,31.0,0.0
2016-09-11,,,,,,,,,,,,
2016-09-18,,,,,,,,,,,,
2016-09-25,,,,,,,,,,,,
2016-10-02,9.0,57.99999999999999,34.0,44.0,36.0,51.0,13.0,48.0,32.0,0.0,55.00000000000001,36.0
2016-10-09,,,,,,,,,,,,
2016-10-16,,,,,,,,,,,,
2016-10-23,,,,,,,,,,,,
2016-10-30,,,,,,,,,,,,
2016-11-06,8.0,57.99999999999999,33.0,59.0,41.0,56.00000000000001,12.0,47.0,28.000000000000004,0.0,46.0,0.0
2016-11-13,,,,,,,,,,,,
2016-11-20,,,,,,,,,,,,
2016-11-27,,,,,,,,,,,,
2016-12-04,12.0,69.0,41.0,83.0,52.0,67.0,13.0,46.0,42.0,0.0,30.0,0.0
2016-12-11,,,,,,,,,,,,
2016-12-18,,,,,,,,,,,,
2016-12-25,,,,,,,,,,,,
2017-01-01,30.0,80.0,49.0,85.0,55.00000000000001,71.0,18.0,50.0,44.0,69.0,50.0,0.0
2017-01-08,,,,,,,,,,,,
2017-01-15,,,,,,,,,,,,
2017-01-22,,,,,,,,,,,,
2017-01-29,,,,,,,,,,,,
2017-02-05,9.0,51.0,36.0,57.99999999999999,41.0,56.00000000000001,14.000000000000002,46.0,35.0,0.0,56.99999999999999,0.0
2017-02-12,,,,,,,,,,,,
2017-02-19,,,,,,,,,,,,
2017-02-26,,,,,,,,,,,,
2017-03-05,5.0,44.0,37.0,55.00000000000001,38.0,53.0,12.0,43.0,33.0,0.0,37.0,0.0
2017-03-12,,,,,,,,,,,,
2017-03-19,,,,,,,,,,,,
2017-03-26,,,,,,,,,,,,
2017-04-02,3.0,36.0,32.0,46.0,35.0,50.0,10.0,41.0,28.000000000000004,0.0,40.0,0.0
2017-04-09,,,,,,,,,,,,
2017-04-16,,,,,,,,,,,,
2017-04-23,,,,,,,,,,,,
2017-04-30,,,,,,,,,,,,
2017-05-07,3.0,27.0,28.999999999999996,36.0,28.000000000000004,53.0,7.000000000000001,41.0,28.000000000000004,0.0,28.000000000000004,0.0
2017-05-14,,,,,,,,,,,,
2017-05-21,,,,,,,,,,,,
2017-05-28,,,,,,,,,,,,
2017-06-04,2.0,17.0,28.000000000000004,26.0,22.0,38.0,7.000000000000001,47.0,25.0,73.0,25.0,0.0
2017-06-11,,,,,,,,,,,,
2017-06-18,,,,,,,,,,,,
2017-06-25,,,,,,,,,,,,
2017-07-02,1.0,18.0,30.0,23.0,20.0,38.0,9.0,44.0,27.0,0.0,28.000000000000004,0.0
2017-07-09,,,,,,,,,,,,
2017-07-16,,,,,,,,,,,,
2017-07-23,,,,,,,,,,,,
2017-07-30,,,,,,,,,,,,
2017-08-06,2.0,24.0,32.0,24.0,21.0,32.0,8.0,36.0,27.0,0.0,22.0,0.0
2017-08-13,,,,,,,,,,,,
2017-08-20,,,,,,,,,,,,
2017-08-27,,,,,,,,,,,,
2017-09-03,3.0,53.0,35.0,35.0,27.0,44.0,12.0,36.0,34.0,0.0,34.0,0.0
2017-09-10,,,,,,,,,,,,
2017-09-17,,,,,,,,,,,,
2017-09-24,,,,,,,,,,,,
2017-10-01,8.0,47.0,36.0,44.0,35.0,54.0,11.0,40.0,34.0,0.0,31.0,0.0
2017-10-08,,,,,,,,,,,,
2017-10-15,,,,,,,,,,,,
2017-10-22,,,,,,,,,,,,
2017-10-29,,,,,,,,,,,,
2017-11-05,9.0,57.99999999999999,37.0,63.0,41.0,59.0,13.0,49.0,38.0,0.0,42.0,0.0
2017-11-12,,,,,,,,,,,,
2017-11-19,,,,,,,,,,,,
2017-11-26,,,,,,,,,,,,
2017-12-03,18.0,91.0,59.0,91.0,61.0,64.0,13.0,48.0,51.0,79.0,46.0,0.0
2017-12-10,,,,,,,,,,,,
2017-12-17,,,,,,,,,,,,
2017-12-24,,,,,,,,,,,,
2017-12-31,,,,,,,,,,,,
2018-01-07,35.0,70.0,59.0,92.0,60.0,69.0,28.000000000000004,42.0,48.0,0.0,63.0,0.0
2018-01-14,,,,,,,,,,,,
2018-01-21,,,,,,,,,,,,
2018-01-28,,,,,,,,,,,,
2018-02-04,17.0,59.0,48.0,72.0,48.0,55.00000000000001,18.0,47.0,43.0,69.0,38.0,0.0
2018-02-11,,,,,,,,,,,,
2018-02-18,,,,,,,,,,,,
2018-02-25,,,,,,,,,,,,
2018-03-04,7.000000000000001,44.0,43.0,57.99999999999999,39.0,54.0,14.000000000000002,38.0,39.0,0.0,46.0,31.0
2018-03-11,,,,,,,,,,,,
2018-03-18,,,,,,,,,,,,
2018-03-25,,,,,,,,,,,,
2018-04-01,4.0,37.0,35.0,47.0,33.0,48.0,11.0,44.0,35.0,0.0,38.0,0.0
2018-04-08,,,,,,,,,,,,
2018-04-15,,,,,,,,,,,,
2018-04-22,,,,,,,,,,,,
2018-04-29,,,,,,,,,,,,
2018-05-06,3.0,31.0,35.0,39.0,28.000000000000004,65.0,7.000000000000001,36.0,31.0,0.0,39.0,0.0
2018-05-13,,,,,,,,,,,,
2018-05-20,,,,,,,,,,,,
2018-05-27,,,,,,,,,,,,
2018-06-03,2.0,23.0,34.0,31.0,24.0,51.0,9.0,36.0,33.0,0.0,31.0,0.0
2018-06-10,,,,,,,,,,,,
2018-06-17,,,,,,,,,,,,
2018-06-24,,,,,,,,,,,,
2018-07-01,1.0,17.0,34.0,25.0,19.0,45.0,7.000000000000001,34.0,28.000000000000004,0.0,30.0,0.0
2018-07-08,,,,,,,,,,,,
2018-07-15,,,,,,,,,,,,
2018-07-22,,,,,,,,,,,,
2018-07-29,,,,,,,,,,,,
2018-08-05,2.0,25.0,36.0,30.0,20.0,34.0,7.000000000000001,35.0,31.0,0.0,0.0,0.0
2018-08-12,,,,,,,,,,,,
2018-08-19,,,,,,,,,,,,
2018-08-26,,,,,,,,,,,,
2018-09-02,3.0,44.0,39.0,38.0,26.0,43.0,9.0,37.0,35.0,0.0,36.0,0.0
2018-09-09,,,,,,,,,,,,
2018-09-16,,,,,,,,,,,,
2018-09-23,,,,,,,,,,,,
2018-09-30,,,,,,,,,,,,
2018-10-07,11.0,60.0,44.0,50.0,35.0,54.0,19.0,100.0,38.0,0.0,50.0,0.0
2018-10-14,,,,,,,,,,,,
2018-10-21,,,,,,,,,,,,
2018-10-28,,,,,,,,,,,,
2018-11-04,10.0,59.0,43.0,60.0,42.0,57.99999999999999,14.000000000000002,81.0,39.0,0.0,33.0,0.0
2018-11-11,,,,,,,,,,,,
2018-11-18,,,,,,,,,,,,
2018-11-25,,,,,,,,,,,,
2018-12-02,8.0,72.0,52.0,83.0,49.0,74.0,13.0,71.0,46.0,0.0,49.0,0.0
2018-12-09,,,,,,,,,,,,
2018-12-16,,,,,,,,,,,,
2018-12-23,,,,,,,,,,,,
2018-12-30,,,,,,,,,,,,
2019-01-06,28.999999999999996,96.0,61.0,92.0,57.99999999999999,72.0,23.0,67.0,55.00000000000001,70.0,48.0,34.0
2019-01-13,,,,,,,,,,,,
2019-01-20,,,,,,,,,,,,
2019-01-27,,,,,,,,,,,,
2019-02-03,21.0,63.0,56.00000000000001,75.0,49.0,75.0,16.0,68.0,50.0,0.0,42.0,0.0
2019-02-10,,,,,,,,,,,,
2019-02-17,,,,,,,,,,,,
2019-02-24,,,,,,,,,,,,
2019-03-03,7.000000000000001,50.0,46.0,56.99999999999999,39.0,68.0,12.0,52.0,40.0,100.0,45.0,0.0
2019-03-10,,,,,,,,,,,,
2019-03-17,,,,,,,,,,,,
2019-03-24,,,,,,,,,,,,
2019-03-31,,,,,,,,,,,,
2019-04-07,4.0,40.0,48.0,53.0,35.0,61.0,9.0,40.0,38.0,67.0,40.0,0.0
2019-04-14,,,,,,,,,,,,
2019-04-21,,,,,,,,,,,,
2019-04-28,,,,,,,,,,,,
2019-05-05,3.0,33.0,41.0,43.0,31.0,63.0,9.0,45.0,36.0,0.0,43.0,0.0
2019-05-12,,,,,,,,,,,,
2019-05-19,,,,,,,,,,,,
2019-05-26,,,,,,,,,,,,
2019-06-02,2.0,25.0,45.0,31.0,23.0,47.0,12.0,47.0,39.0,0.0,21.0,0.0
2019-06-09,,,,,,,,,,,,
2019-06-16,,,,,,,,,,,,
2019-06-23,,,,,,,,,,,,
2019-06-30,,,,,,,,,,,,
2019-07-07,2.0,18.0,38.0,22.0,19.0,35.0,12.0,55.00000000000001,34.0,0.0,40.0,0.0
2019-07-14,,,,,,,,,,,,
2019-07-21,,,,,,,,,,,,
2019-07-28,,,,,,,,,,,,
2019-08-04,2.0,24.0,42.0,25.0,19.0,38.0,11.0,70.0,33.0,0.0,30.0,44.0
2019-08-11,,,,,,,,,,,,
2019-08-18,,,,,,,,,,,,
2019-08-25,,,,,,,,,,,,
2019-09-01,4.0,43.0,48.0,30.0,26.0,48.0,10.0,42.0,44.0,74.0,39.0,0.0
2019-09-08,,,,,,,,,,,,
2019-09-15,,,,,,,,,,,,
2019-09-22,,,,,,,,,,,,
2019-09-29,,,,,,,,,,,,
2019-10-06,11.0,56.99999999999999,48.0,47.0,34.0,60.0,14.000000000000002,50.0,43.0,48.0,46.0,36.0
2019-10-13,,,,,,,,,,,,
2019-10-20,,,,,,,,,,,,
2019-10-27,,,,,,,,,,,,
2019-11-03,12.0,59.0,50.0,54.0,38.0,62.0,14.000000000000002,49.0,41.0,59.0,52.0,33.0
2019-11-10,,,,,,,,,,,,
2019-11-17,,,,,,,,,,,,
2019-11-24,,,,,,,,,,,,
2019-12-01,9.0,63.0,56.00000000000001,73.0,46.0,68.0,20.0,48.0,50.0,77.0,61.0,36.0
2019-12-08,,,,,,,,,,,,
2019-12-15,,,,,,,,,,,,
2019-12-22,,,,,,,,,,,,
2019-12-29,,,,,,,,,,,,
2020-01-05,34.0,88.0,72.0,94.0,59.0,76.0,28.999999999999996,51.0,65.0,80.0,62.0,43.0
2020-01-12,,,,,,,,,,,,
2020-01-19,,,,,,,,,,,,
2020-01-26,,,,,,,,,,,,
2020-02-02,51.0,56.00000000000001,66.0,76.0,52.0,74.0,54.0,48.0,56.00000000000001,91.0,73.0,100.0
2020-02-09,,,,,,,,,,,,
2020-02-16,,,,,,,,,,,,
2020-02-23,,,,,,,,,,,,
2020-03-01,100.0,100.0,100.0,89.0,100.0,100.0,100.0,44.0,100.0,69.0,100.0,37.0
2020-03-08,,,,,,,,,,,,
2020-03-15,,,,,,,,,,,,
2020-03-22,,,,,,,,,,,,
2020-03-29,,,,,,,,,,,,
2020-04-05,34.0,22.0,53.0,41.0,38.0,63.0,42.0,44.0,49.0,47.0,49.0,0.0
2020-04-12,,,,,,,,,,,,
2020-04-19,,,,,,,,,,,,
2020-04-26,,,,,,,,,,,,
2020-05-03,21.0,17.0,41.0,24.0,24.0,60.0,26.0,43.0,32.0,0.0,41.0,0.0
2020-05-10,,,,,,,,,,,,
2020-05-17,,,,,,,,,,,,
2020-05-24,,,,,,,,,,,,
2020-05-31,,,,,,,,,,,,
2020-06-07,13.0,11.0,37.0,14.000000000000002,15.0,46.0,16.0,40.0,32.0,0.0,25.0,0.0
2020-06-14,,,,,,,,,,,,
2020-06-21,,,,,,,,,,,,
2020-06-28,,,,,,,,,,,,
2020-07-05,11.0,16.0,41.0,12.0,14.000000000000002,37.0,13.0,38.0,35.0,0.0,33.0,0.0
2020-07-12,,,,,,,,,,,,
2020-07-19,,,,,,,,,,,,
2020-07-26,,,,,,,,,,,,
2020-08-02,15.0,50.0,55.00000000000001,17.0,24.0,41.0,12.0,47.0,46.0,0.0,38.0,0.0
2020-08-09,,,,,,,,,,,,
2020-08-16,,,,,,,,,,,,
2020-08-23,,,,,,,,,,,,
2020-08-30,,,,,,,,,,,,
2020-09-06,21.0,71.0,56.00000000000001,24.0,28.999999999999996,56.99999999999999,20.0,56.99999999999999,52.0,0.0,31.0,0.0
2020-09-13,,,,,,,,,,,,
2020-09-20,,,,,,,,,,,,
2020-09-27,,,,,,,,,,,,
2020-10-04,54.0,92.0,57.99999999999999,28.999999999999996,33.0,59.0,21.0,71.0,45.0,0.0,41.0,0.0
2020-10-11,,,,,,,,,,,,
2020-10-18,,,,,,,,,,,,
2020-10-25,,,,,,,,,,,,
2020-11-01,28.999999999999996,49.0,48.0,27.0,33.0,57.99999999999999,18.0,98.0,42.0,0.0,42.0,0.0
2020-11-08,,,,,,,,,,,,
2020-11-15,,,,,,,,,,,,
2020-11-22,,,,,,,,,,,,
2020-11-29,,,,,,,,,,,,
2020-12-06,16.0,48.0,47.0,22.0,23.0,52.0,14.000000000000002,98.0,42.0,0.0,26.0,0.0
