week_date,RSV
2012-01-02,77.0
2012-01-09,90.0
2012-01-16,84.0
2012-01-23,99.0
2012-01-30,105.0
2012-02-06,78.0
2012-02-13,110.0
2012-02-20,98.0
2012-02-27,89.0
2012-03-05,87.0
2012-03-12,70.0
2012-03-19,59.0
2012-03-26,43.0
2012-04-02,42.0
2012-04-09,43.0
2012-04-16,33.0
2012-04-23,29.0
2012-04-30,9.0
2012-05-07,12.0
2012-05-14,5.0
2012-05-21,9.0
2012-05-28,1.0
2012-06-04,4.0
2012-06-11,0.0
2012-06-18,1.0
2012-06-25,2.0
2012-07-02,0.0
2012-07-09,0.0
2012-07-16,0.0
2012-07-23,0.0
2012-07-30,0.0
2012-08-06,0.0
2012-08-13,0.0
2012-08-20,0.0
2012-08-27,0.0
2012-09-03,0.0
2012-09-10,0.0
2012-09-17,0.0
2012-09-24,1.0
2012-10-01,100.0
2012-10-08,139.0
2012-10-15,244.0
2012-10-22,412.0
2012-10-29,720.0
2012-11-05,904.0
2012-11-12,1230.0
2012-11-19,1460.0
2012-11-26,2046.0
2012-12-03,2307.0
2012-12-10,2512.0
2012-12-17,2798.0
2012-12-24,2237.0
2012-12-31,2120.0
2013-01-07,1822.0
2013-01-14,1459.0
2013-01-21,1265.0
2013-01-28,1559.0
2013-02-04,1358.0
2013-02-11,1234.0
2013-02-18,1166.0
2013-02-25,883.0
2013-03-04,726.0
2013-03-11,593.0
2013-03-18,465.0
2013-03-25,392.0
2013-04-01,354.0
2013-04-08,288.0
2013-04-15,180.0
2013-04-22,132.0
2013-04-29,99.0
2013-05-06,83.0
2013-05-13,73.0
2013-05-20,39.0
2013-05-27,27.0
2013-06-03,26.0
2013-06-10,19.0
2013-06-17,22.0
2013-06-24,19.0
2013-07-01,9.0
2013-07-08,27.0
2013-07-15,12.0
2013-07-22,17.0
2013-07-29,13.0
2013-08-05,6.0
2013-08-12,12.0
2013-08-19,9.0
2013-08-26,13.0
2013-09-02,11.0
2013-09-09,16.0
2013-09-16,10.0
2013-09-23,20.0
2013-09-30,44.0
2013-10-07,76.0
2013-10-14,118.0
2013-10-21,183.0
2013-10-28,232.0
2013-11-04,393.0
2013-11-11,549.0
2013-11-18,852.0
2013-11-25,1203.0
2013-12-02,1599.0
2013-12-09,1999.0
2013-12-16,2364.0
2013-12-23,2505.0
2013-12-30,2744.0
2014-01-06,2115.0
2014-01-13,1638.0
2014-01-20,1570.0
2014-01-27,1414.0
2014-02-03,1289.0
2014-02-10,1112.0
2014-02-17,983.0
2014-02-24,891.0
2014-03-03,751.0
2014-03-10,608.0
2014-03-17,542.0
2014-03-24,372.0
2014-03-31,360.0
2014-04-07,299.0
2014-04-14,276.0
2014-04-21,207.0
2014-04-28,177.0
2014-05-05,116.0
2014-05-12,60.0
2014-05-19,94.0
2014-05-26,36.0
2014-06-02,22.0
2014-06-09,14.0
2014-06-16,15.0
2014-06-23,9.0
2014-06-30,15.0
2014-07-07,8.0
2014-07-14,5.0
2014-07-21,7.0
2014-07-28,1.0
2014-08-04,5.0
2014-08-11,2.0
2014-08-18,8.0
2014-08-25,7.0
2014-09-01,5.0
2014-09-08,5.0
2014-09-15,6.0
2014-09-22,8.0
2014-09-29,65.0
2014-10-06,63.0
2014-10-13,101.0
2014-10-20,185.0
2014-10-27,243.0
2014-11-03,336.0
2014-11-10,604.0
2014-11-17,855.0
2014-11-24,1198.0
2014-12-01,1447.0
2014-12-08,1709.0
2014-12-15,1849.0
2014-12-22,1862.0
2014-12-29,1882.0
2015-01-05,1622.0
2015-01-12,1387.0
2015-01-19,1445.0
2015-01-26,1462.0
2015-02-02,1370.0
2015-02-09,1444.0
2015-02-16,1243.0
2015-02-23,1167.0
2015-03-02,949.0
2015-03-09,728.0
2015-03-16,632.0
2015-03-23,458.0
2015-03-30,403.0
2015-04-06,254.0
2015-04-13,217.0
2015-04-20,122.0
2015-04-27,88.0
2015-05-04,94.0
2015-05-11,70.0
2015-05-18,38.0
2015-05-25,24.0
2015-06-01,17.0
2015-06-08,27.0
2015-06-15,11.0
2015-06-22,15.0
2015-06-29,9.0
2015-07-06,20.0
2015-07-13,21.0
2015-07-20,13.0
2015-07-27,6.0
2015-08-03,11.0
2015-08-10,6.0
2015-08-17,10.0
2015-08-24,10.0
2015-08-31,15.0
2015-09-07,15.0
2015-09-14,17.0
2015-09-21,14.0
2015-09-28,115.0
2015-10-05,138.0
2015-10-12,209.0
2015-10-19,367.0
2015-10-26,500.0
2015-11-02,608.0
2015-11-09,907.0
2015-11-16,1541.0
2015-11-23,1759.0
2015-11-30,2191.0
2015-12-07,2236.0
2015-12-14,2373.0
2015-12-21,1985.0
2015-12-28,1934.0
2016-01-04,2117.0
2016-01-11,1663.0
2016-01-18,1613.0
2016-01-25,1617.0
2016-02-01,1589.0
2016-02-08,1437.0
2016-02-15,1195.0
2016-02-22,1212.0
2016-02-29,1186.0
2016-03-07,907.0
2016-03-14,882.0
2016-03-21,739.0
2016-03-28,697.0
2016-04-04,549.0
2016-04-11,438.0
2016-04-18,364.0
2016-04-25,293.0
2016-05-02,253.0
2016-05-09,198.0
2016-05-16,162.0
2016-05-23,104.0
2016-05-30,103.0
2016-06-06,17.0
2016-06-13,24.0
2016-06-20,20.0
2016-06-27,29.0
2016-07-04,28.0
2016-07-11,31.0
2016-07-18,21.0
2016-07-25,21.0
2016-08-01,17.0
2016-08-08,12.0
2016-08-15,28.0
2016-08-22,23.0
2016-08-29,22.0
2016-09-05,26.0
2016-09-12,30.0
2016-09-19,49.0
2016-09-26,66.0
2016-10-03,188.0
2016-10-10,280.0
2016-10-17,435.0
2016-10-24,567.0
2016-10-31,826.0
2016-11-07,1014.0
2016-11-14,1519.0
2016-11-21,1911.0
2016-11-28,2208.0
2016-12-05,2764.0
2016-12-12,3039.0
2016-12-19,3309.0
2016-12-26,3439.0
2017-01-02,3080.0
2017-01-09,2661.0
2017-01-16,2399.0
2017-01-23,2289.0
2017-01-30,2324.0
2017-02-06,2107.0
2017-02-13,1889.0
2017-02-20,1748.0
2017-02-27,1440.0
2017-03-06,1121.0
2017-03-13,961.0
2017-03-20,672.0
2017-03-27,545.0
2017-04-03,397.0
2017-04-10,289.0
2017-04-17,188.0
2017-04-24,143.0
2017-05-01,71.0
2017-05-08,94.0
2017-05-15,74.0
2017-05-22,15.0
2017-05-29,24.0
2017-06-05,10.0
2017-06-12,6.0
2017-06-19,9.0
2017-06-26,13.0
2017-07-03,2.0
2017-07-10,6.0
2017-07-17,5.0
2017-07-24,7.0
2017-07-31,2.0
2017-08-07,12.0
2017-08-14,8.0
2017-08-21,12.0
2017-08-28,7.0
2017-09-04,10.0
2017-09-11,9.0
2017-09-18,16.0
2017-09-25,20.0
2017-10-02,132.0
2017-10-09,189.0
2017-10-16,345.0
2017-10-23,562.0
2017-10-30,767.0
2017-11-06,1041.0
2017-11-13,1378.0
2017-11-20,2109.0
2017-11-27,2378.0
2017-12-04,2575.0
2017-12-11,2879.0
2017-12-18,2863.0
2017-12-25,2915.0
2018-01-01,3126.0
2018-01-08,2515.0
2018-01-15,2311.0
2018-01-22,2202.0
2018-01-29,1988.0
2018-02-05,1836.0
2018-02-12,1840.0
2018-02-19,1776.0
2018-02-26,1624.0
2018-03-05,1508.0
2018-03-12,1254.0
2018-03-19,1265.0
2018-03-26,843.0
2018-04-02,799.0
2018-04-09,715.0
2018-04-16,461.0
2018-04-23,384.0
2018-04-30,275.0
2018-05-07,152.0
2018-05-14,130.0
2018-05-21,41.0
2018-05-28,18.0
2018-06-04,30.0
2018-06-11,26.0
2018-06-18,27.0
2018-06-25,10.0
2018-07-02,8.0
2018-07-09,22.0
2018-07-16,8.0
2018-07-23,7.0
2018-07-30,16.0
2018-08-06,6.0
2018-08-13,11.0
2018-08-20,19.0
2018-08-27,24.0
2018-09-03,18.0
2018-09-10,27.0
2018-09-17,29.0
2018-09-24,40.0
2018-10-01,181.0
2018-10-08,208.0
2018-10-15,399.0
2018-10-22,558.0
2018-10-29,873.0
2018-11-05,1114.0
2018-11-12,1558.0
2018-11-19,2146.0
2018-11-26,2951.0
2018-12-03,3423.0
2018-12-10,3282.0
2018-12-17,3477.0
2018-12-24,3199.0
2018-12-31,3676.0
2019-01-07,3266.0
2019-01-14,2836.0
2019-01-21,2946.0
2019-01-28,2824.0
2019-02-04,2786.0
2019-02-11,2563.0
2019-02-18,2276.0
2019-02-25,1893.0
2019-03-04,1539.0
2019-03-11,1367.0
2019-03-18,1026.0
2019-03-25,815.0
2019-04-01,670.0
2019-04-08,519.0
2019-04-15,351.0
2019-04-22,277.0
2019-04-29,162.0
2019-05-06,105.0
2019-05-13,81.0
2019-05-20,36.0
2019-05-27,24.0
2019-06-03,18.0
2019-06-10,16.0
2019-06-17,25.0
2019-06-24,18.0
2019-07-01,18.0
2019-07-08,15.0
2019-07-15,18.0
2019-07-22,9.0
2019-07-29,10.0
2019-08-05,8.0
2019-08-12,29.0
2019-08-19,23.0
2019-08-26,31.0
2019-09-02,28.0
2019-09-09,40.0
2019-09-16,37.0
2019-09-23,57.0
2019-09-30,191.0
2019-10-07,321.0
2019-10-14,428.0
2019-10-21,817.0
2019-10-28,1047.0
2019-11-04,1226.0
2019-11-11,1590.0
2019-11-18,2274.0
2019-11-25,3158.0
2019-12-02,2207.0
2019-12-09,2713.0
2019-12-16,3047.0
2019-12-23,2796.0
2019-12-30,4511.0
2020-01-06,3537.0
2020-01-13,3058.0
2020-01-20,2748.0
2020-01-27,2802.0
2020-02-03,2446.0
2020-02-10,2024.0
2020-02-17,1797.0
2020-02-24,1602.0
2020-03-02,1507.0
2020-03-09,1140.0
2020-03-16,902.0
2020-03-23,597.0
2020-03-30,282.0
2020-04-06,165.0
2020-04-13,84.0
2020-04-20,67.0
2020-04-27,37.0
2020-05-04,41.0
2020-05-11,26.0
2020-05-18,29.0
2020-05-25,10.0
2020-06-01,16.0
2020-06-08,16.0
2020-06-15,14.0
2020-06-22,7.0
2020-06-29,6.0
2020-07-06,7.0
2020-07-13,2.0
2020-07-20,91.0
2020-07-27,3.0
2020-08-03,4.0
2020-08-10,4.0
2020-08-17,10.0
2020-08-24,6.0
2020-08-31,7.0
2020-09-07,5.0
2020-09-14,17.0
2020-09-21,11.0
2020-09-28,23.0
2020-10-05,11.0
2020-10-12,23.0
2020-10-19,23.0
2020-10-26,15.0
2020-11-02,22.0
2020-11-09,23.0
2020-11-16,24.0
2020-11-23,34.0
2020-11-30,39.0
2020-12-07,35.0
2020-12-14,38.0
2020-12-21,45.0
2020-12-28,60.0
