month_date,au_R03_prescriptions_lagged,au_R06_prescriptions_lagged
2020-07-05,,
2020-07-12,,
2020-07-19,,
2020-07-26,,
2020-08-02,,
2020-08-09,,
2020-08-16,,
2020-08-23,,
2020-08-30,,
2020-09-06,,
2020-09-13,,
2020-09-20,,
2020-09-27,,
2020-10-04,,
2020-10-11,,
2020-10-18,,
2020-10-25,,
2020-11-01,,
2020-11-08,,
2020-11-15,,
2020-11-22,,
2020-11-29,,
2020-12-06,,
2020-12-13,,
2020-12-20,,
2020-12-27,,
2021-01-03,1203406.0,2877.0
2021-01-10,1203406.0,2877.0
2021-01-17,1203406.0,2877.0
2021-01-24,1203406.0,2877.0
2021-01-31,1148920.0,2876.0
2021-02-07,1148920.0,2876.0
2021-02-14,1148920.0,2876.0
2021-02-21,1148920.0,2876.0
2021-02-28,1148920.0,2876.0
2021-03-07,1111101.0,3105.0
2021-03-14,1111101.0,3105.0
2021-03-21,1111101.0,3105.0
2021-03-28,1111101.0,3105.0
2021-04-04,1138138.0,3126.0
2021-04-11,1138138.0,3126.0
2021-04-18,1138138.0,3126.0
2021-04-25,1138138.0,3126.0
2021-05-02,1152011.0,3106.0
2021-05-09,1152011.0,3106.0
2021-05-16,1152011.0,3106.0
2021-05-23,1152011.0,3106.0
2021-05-30,1152011.0,3106.0
2021-06-06,1349704.0,3418.0
2021-06-13,1349704.0,3418.0
2021-06-20,1349704.0,3418.0
2021-06-27,1349704.0,3418.0
2021-07-04,869600.0,2615.0
2021-07-11,869600.0,2615.0
2021-07-18,869600.0,2615.0
2021-07-25,869600.0,2615.0
2021-08-01,869600.0,2615.0
2021-08-08,913302.0,2997.0
2021-08-15,913302.0,2997.0
2021-08-22,913302.0,2997.0
2021-08-29,913302.0,2997.0
2021-09-05,1077868.0,3870.0
2021-09-12,1077868.0,3870.0
2021-09-19,1077868.0,3870.0
2021-09-26,1077868.0,3870.0
2021-10-03,1016639.0,3150.0
2021-10-10,1016639.0,3150.0
2021-10-17,1016639.0,3150.0
2021-10-24,1016639.0,3150.0
2021-10-31,1101998.0,3475.0
2021-11-07,1101998.0,3475.0
2021-11-14,1101998.0,3475.0
2021-11-21,1101998.0,3475.0
2021-11-28,1101998.0,3475.0
2021-12-05,1123703.0,3865.0
2021-12-12,1123703.0,3865.0
2021-12-19,1123703.0,3865.0
2021-12-26,1123703.0,3865.0
2022-01-02,1156339.0,3411.0
2022-01-09,1156339.0,3411.0
2022-01-16,1156339.0,3411.0
2022-01-23,1156339.0,3411.0
2022-01-30,1142287.0,3003.0
2022-02-06,1142287.0,3003.0
2022-02-13,1142287.0,3003.0
2022-02-20,1142287.0,3003.0
2022-02-27,1142287.0,3003.0
2022-03-06,1091084.0,2952.0
2022-03-13,1091084.0,2952.0
2022-03-20,1091084.0,2952.0
2022-03-27,1091084.0,2952.0
2022-04-03,1086948.0,2853.0
2022-04-10,1086948.0,2853.0
2022-04-17,1086948.0,2853.0
2022-04-24,1086948.0,2853.0
2022-05-01,1086948.0,2853.0
2022-05-08,1136777.0,3047.0
2022-05-15,1136777.0,3047.0
2022-05-22,1136777.0,3047.0
2022-05-29,1136777.0,3047.0
2022-06-05,1302548.0,3063.0
2022-06-12,1302548.0,3063.0
2022-06-19,1302548.0,3063.0
2022-06-26,1302548.0,3063.0
2022-07-03,961967.0,2179.0
2022-07-10,961967.0,2179.0
2022-07-17,961967.0,2179.0
2022-07-24,961967.0,2179.0
2022-07-31,961967.0,2179.0
2022-08-07,910289.0,2256.0
2022-08-14,910289.0,2256.0
2022-08-21,910289.0,2256.0
2022-08-28,910289.0,2256.0
2022-09-04,1080194.0,2522.0
2022-09-11,1080194.0,2522.0
2022-09-18,1080194.0,2522.0
2022-09-25,1080194.0,2522.0
2022-10-02,1056937.0,2232.0
2022-10-09,1056937.0,2232.0
2022-10-16,1056937.0,2232.0
2022-10-23,1056937.0,2232.0
2022-10-30,1212392.0,2404.0
2022-11-06,1212392.0,2404.0
2022-11-13,1212392.0,2404.0
2022-11-20,1212392.0,2404.0
2022-11-27,1212392.0,2404.0
2022-12-04,1229788.0,2471.0
2022-12-11,1229788.0,2471.0
2022-12-18,1229788.0,2471.0
2022-12-25,1229788.0,2471.0
2023-01-01,1255688.0,2384.0
2023-01-08,1255688.0,2384.0
2023-01-15,1255688.0,2384.0
2023-01-22,1255688.0,2384.0
2023-01-29,1255688.0,2384.0
2023-02-05,1292801.0,3011.0
2023-02-12,1292801.0,3011.0
2023-02-19,1292801.0,3011.0
2023-02-26,1292801.0,3011.0
2023-03-05,1204235.0,2732.0
2023-03-12,1204235.0,2732.0
2023-03-19,1204235.0,2732.0
2023-03-26,1204235.0,2732.0
2023-04-02,1187860.0,2701.0
2023-04-09,1187860.0,2701.0
2023-04-16,1187860.0,2701.0
2023-04-23,1187860.0,2701.0
2023-04-30,1187860.0,2701.0
2023-05-07,1249116.0,2796.0
2023-05-14,1249116.0,2796.0
2023-05-21,1249116.0,2796.0
2023-05-28,1249116.0,2796.0
2023-06-04,1389230.0,2859.0
2023-06-11,1389230.0,2859.0
2023-06-18,1389230.0,2859.0
2023-06-25,1389230.0,2859.0
2023-07-02,907273.0,2111.0
2023-07-09,907273.0,2111.0
2023-07-16,907273.0,2111.0
2023-07-23,907273.0,2111.0
2023-07-30,907273.0,2111.0
2023-08-06,911022.0,2304.0
2023-08-13,911022.0,2304.0
2023-08-20,911022.0,2304.0
2023-08-27,911022.0,2304.0
2023-09-03,1053482.0,3088.0
2023-09-10,1053482.0,3088.0
2023-09-17,1053482.0,3088.0
2023-09-24,1053482.0,3088.0
2023-10-01,999920.0,3060.0
2023-10-08,999920.0,3060.0
2023-10-15,999920.0,3060.0
2023-10-22,999920.0,3060.0
2023-10-29,999920.0,3060.0
2023-11-05,1187217.0,3236.0
2023-11-12,1187217.0,3236.0
2023-11-19,1187217.0,3236.0
2023-11-26,1187217.0,3236.0
2023-12-03,1153596.0,2477.0
2023-12-10,1153596.0,2477.0
2023-12-17,1153596.0,2477.0
2023-12-24,1153596.0,2477.0
2023-12-31,1143426.0,2359.0
2024-01-07,1143426.0,2359.0
2024-01-14,1143426.0,2359.0
2024-01-21,1143426.0,2359.0
2024-01-28,1143426.0,2359.0
2024-02-04,1189360.0,2416.0
2024-02-11,1189360.0,2416.0
2024-02-18,1189360.0,2416.0
2024-02-25,1189360.0,2416.0
2024-03-03,1128341.0,2353.0
2024-03-10,1128341.0,2353.0
2024-03-17,1128341.0,2353.0
2024-03-24,1128341.0,2353.0
2024-03-31,1147726.0,2398.0
2024-04-07,1147726.0,2398.0
2024-04-14,1147726.0,2398.0
2024-04-21,1147726.0,2398.0
2024-04-28,1147726.0,2398.0
2024-05-05,1165291.0,2422.0
2024-05-12,1165291.0,2422.0
2024-05-19,1165291.0,2422.0
2024-05-26,1165291.0,2422.0
2024-06-02,1282331.0,2519.0
