year,week,INF_ALL,INF_A,INF_B,SPEC_PROCESSED_NB,SPEC_RECEIVED_NB,iso_date,group
1995,1,3.0,2.0,1.0,12.0,0.0,1995-01-02,Europe
1995,2,4.0,1.0,3.0,27.0,0.0,1995-01-09,Europe
1995,3,7.0,3.0,4.0,43.0,0.0,1995-01-16,Europe
1995,4,11.0,6.0,5.0,38.0,0.0,1995-01-23,Europe
1995,5,22.0,14.0,8.0,54.0,0.0,1995-01-30,Europe
1995,6,19.0,14.0,5.0,45.0,0.0,1995-02-06,Europe
1995,7,27.0,21.0,6.0,48.0,0.0,1995-02-13,Europe
1995,8,25.0,21.0,4.0,55.0,0.0,1995-02-20,Europe
1995,9,29.0,28.0,1.0,74.0,0.0,1995-02-27,Europe
1995,10,29.0,19.0,10.0,79.0,0.0,1995-03-06,Europe
1995,11,28.0,20.0,8.0,47.0,0.0,1995-03-13,Europe
1995,12,22.0,19.0,3.0,51.0,0.0,1995-03-20,Europe
1995,13,18.0,8.0,10.0,33.0,0.0,1995-03-27,Europe
1995,14,3.0,2.0,1.0,9.0,0.0,1995-04-03,Europe
1995,42,0.0,0.0,0.0,10.0,0.0,1995-10-16,Europe
1995,43,0.0,0.0,0.0,11.0,0.0,1995-10-23,Europe
1995,44,4.0,4.0,0.0,19.0,0.0,1995-10-30,Europe
1995,45,10.0,10.0,0.0,26.0,0.0,1995-11-06,Europe
1995,46,14.0,14.0,0.0,33.0,0.0,1995-11-13,Europe
1995,47,6.0,6.0,0.0,0.0,0.0,1995-11-20,Europe
1995,48,27.0,27.0,0.0,68.0,0.0,1995-11-27,Europe
1995,49,49.0,49.0,0.0,85.0,0.0,1995-12-04,Europe
1995,50,36.0,36.0,0.0,69.0,0.0,1995-12-11,Europe
1995,51,18.0,18.0,0.0,31.0,0.0,1995-12-18,Europe
1996,1,26.0,26.0,0.0,61.0,0.0,1996-01-01,Europe
1996,2,25.0,25.0,0.0,40.0,0.0,1996-01-08,Europe
1996,3,25.0,25.0,0.0,65.0,0.0,1996-01-15,Europe
1996,4,22.0,20.0,2.0,51.0,0.0,1996-01-22,Europe
1996,5,12.0,10.0,2.0,33.0,0.0,1996-01-29,Europe
1996,7,6.0,5.0,1.0,19.0,0.0,1996-02-12,Europe
1996,8,3.0,2.0,1.0,27.0,0.0,1996-02-19,Europe
1996,9,5.0,2.0,3.0,19.0,0.0,1996-02-26,Europe
1996,10,11.0,7.0,4.0,24.0,0.0,1996-03-04,Europe
1996,11,5.0,2.0,3.0,17.0,0.0,1996-03-11,Europe
1996,12,5.0,1.0,4.0,14.0,0.0,1996-03-18,Europe
1996,13,6.0,0.0,6.0,11.0,0.0,1996-03-25,Europe
1996,14,1.0,1.0,0.0,12.0,0.0,1996-04-01,Europe
1996,36,3.0,3.0,0.0,4.0,0.0,1996-09-02,Europe
1996,37,1.0,1.0,0.0,13.0,0.0,1996-09-09,Europe
1996,38,1.0,1.0,0.0,13.0,0.0,1996-09-16,Europe
1996,39,4.0,3.0,1.0,25.0,0.0,1996-09-23,Europe
1996,40,6.0,6.0,0.0,27.0,0.0,1996-09-30,Europe
1996,41,4.0,4.0,0.0,43.0,0.0,1996-10-07,Europe
1996,42,5.0,4.0,1.0,28.0,0.0,1996-10-14,Europe
1996,43,4.0,4.0,0.0,14.0,0.0,1996-10-21,Europe
1996,44,9.0,6.0,3.0,30.0,0.0,1996-10-28,Europe
1996,45,12.0,12.0,0.0,44.0,0.0,1996-11-04,Europe
1996,46,6.0,3.0,3.0,42.0,0.0,1996-11-11,Europe
1996,47,10.0,9.0,1.0,40.0,0.0,1996-11-18,Europe
1996,48,25.0,21.0,4.0,79.0,0.0,1996-11-25,Europe
1996,49,27.0,23.0,4.0,81.0,0.0,1996-12-02,Europe
1996,50,55.0,50.0,5.0,145.0,0.0,1996-12-09,Europe
1996,51,56.0,54.0,2.0,105.0,0.0,1996-12-16,Europe
1996,52,30.0,26.0,4.0,59.0,0.0,1996-12-23,Europe
1997,1,293.0,282.0,11.0,755.0,0.0,1996-12-30,Europe
1997,2,341.0,288.0,53.0,909.0,0.0,1997-01-06,Europe
1997,3,330.0,276.0,54.0,736.0,0.0,1997-01-13,Europe
1997,4,404.0,296.0,108.0,751.0,0.0,1997-01-20,Europe
1997,5,304.0,213.0,91.0,809.0,0.0,1997-01-27,Europe
1997,6,308.0,146.0,162.0,718.0,0.0,1997-02-03,Europe
1997,7,210.0,109.0,101.0,384.0,0.0,1997-02-10,Europe
1997,8,255.0,110.0,145.0,48.0,0.0,1997-02-17,Europe
1997,9,120.0,46.0,74.0,25.0,0.0,1997-02-24,Europe
1997,10,72.0,31.0,41.0,388.0,0.0,1997-03-03,Europe
1997,11,42.0,15.0,27.0,244.0,0.0,1997-03-10,Europe
1997,12,91.0,28.0,63.0,265.0,0.0,1997-03-17,Europe
1997,13,20.0,7.0,13.0,5.0,0.0,1997-03-24,Europe
1997,14,24.0,6.0,18.0,9.0,0.0,1997-03-31,Europe
1997,15,12.0,3.0,9.0,7.0,0.0,1997-04-07,Europe
1997,16,12.0,6.0,6.0,2.0,0.0,1997-04-14,Europe
1997,17,16.0,14.0,2.0,14.0,0.0,1997-04-21,Europe
1997,18,8.0,8.0,0.0,7.0,0.0,1997-04-28,Europe
1997,19,26.0,25.0,1.0,25.0,0.0,1997-05-05,Europe
1997,20,6.0,3.0,3.0,0.0,0.0,1997-05-12,Europe
1997,21,8.0,8.0,0.0,8.0,0.0,1997-05-19,Europe
1997,22,3.0,2.0,1.0,0.0,0.0,1997-05-26,Europe
1997,23,4.0,3.0,1.0,0.0,0.0,1997-06-02,Europe
1997,24,1.0,1.0,0.0,0.0,0.0,1997-06-09,Europe
1997,25,0.0,0.0,0.0,0.0,0.0,1997-06-16,Europe
1997,26,1.0,0.0,1.0,0.0,0.0,1997-06-23,Europe
1997,27,0.0,0.0,0.0,0.0,0.0,1997-06-30,Europe
1997,28,1.0,1.0,0.0,0.0,0.0,1997-07-07,Europe
1997,29,0.0,0.0,0.0,0.0,0.0,1997-07-14,Europe
1997,30,0.0,0.0,0.0,0.0,0.0,1997-07-21,Europe
1997,31,0.0,0.0,0.0,0.0,0.0,1997-07-28,Europe
1997,32,0.0,0.0,0.0,0.0,0.0,1997-08-04,Europe
1997,33,0.0,0.0,0.0,0.0,0.0,1997-08-11,Europe
1997,34,0.0,0.0,0.0,0.0,0.0,1997-08-18,Europe
1997,35,0.0,0.0,0.0,0.0,0.0,1997-08-25,Europe
1997,36,0.0,0.0,0.0,0.0,0.0,1997-09-01,Europe
1997,37,1.0,0.0,1.0,1.0,0.0,1997-09-08,Europe
1997,38,1.0,0.0,1.0,3.0,0.0,1997-09-15,Europe
1997,39,1.0,1.0,0.0,12.0,0.0,1997-09-22,Europe
1997,40,6.0,6.0,0.0,253.0,0.0,1997-09-29,Europe
1997,41,4.0,2.0,2.0,368.0,0.0,1997-10-06,Europe
1997,42,4.0,4.0,0.0,414.0,0.0,1997-10-13,Europe
1997,43,1.0,0.0,1.0,461.0,0.0,1997-10-20,Europe
1997,44,5.0,3.0,2.0,597.0,0.0,1997-10-27,Europe
1997,45,1.0,1.0,0.0,601.0,0.0,1997-11-03,Europe
1997,46,6.0,5.0,1.0,603.0,0.0,1997-11-10,Europe
1997,47,2.0,2.0,0.0,851.0,0.0,1997-11-17,Europe
1997,48,13.0,12.0,1.0,903.0,0.0,1997-11-24,Europe
1997,49,6.0,6.0,0.0,1085.0,0.0,1997-12-01,Europe
1997,50,9.0,9.0,0.0,492.0,0.0,1997-12-08,Europe
1997,51,34.0,34.0,0.0,496.0,0.0,1997-12-15,Europe
1997,52,26.0,25.0,1.0,462.0,0.0,1997-12-22,Europe
1998,1,47.0,47.0,0.0,613.0,0.0,1997-12-29,Europe
1998,2,72.0,71.0,1.0,444.0,0.0,1998-01-05,Europe
1998,3,113.0,110.0,3.0,406.0,0.0,1998-01-12,Europe
1998,4,185.0,185.0,0.0,568.0,0.0,1998-01-19,Europe
1998,5,276.0,271.0,5.0,560.0,0.0,1998-01-26,Europe
1998,6,410.0,404.0,6.0,552.0,0.0,1998-02-02,Europe
1998,7,570.0,566.0,4.0,652.0,0.0,1998-02-09,Europe
1998,8,1096.0,1080.0,16.0,658.0,0.0,1998-02-16,Europe
1998,9,655.0,648.0,7.0,650.0,0.0,1998-02-23,Europe
1998,10,464.0,457.0,7.0,466.0,0.0,1998-03-02,Europe
1998,11,325.0,310.0,15.0,446.0,0.0,1998-03-09,Europe
1998,12,289.0,286.0,3.0,452.0,0.0,1998-03-16,Europe
1998,13,251.0,233.0,18.0,433.0,0.0,1998-03-23,Europe
1998,14,82.0,63.0,19.0,390.0,0.0,1998-03-30,Europe
1998,15,112.0,102.0,10.0,6.0,0.0,1998-04-06,Europe
1998,16,95.0,82.0,13.0,230.0,0.0,1998-04-13,Europe
1998,17,59.0,59.0,0.0,10.0,0.0,1998-04-20,Europe
1998,18,3.0,3.0,0.0,10.0,0.0,1998-04-27,Europe
1998,19,0.0,0.0,0.0,5.0,0.0,1998-05-04,Europe
1998,20,0.0,0.0,0.0,11.0,0.0,1998-05-11,Europe
1998,21,1.0,1.0,0.0,5.0,0.0,1998-05-18,Europe
1998,22,0.0,0.0,0.0,2.0,0.0,1998-05-25,Europe
1998,23,0.0,0.0,0.0,7.0,0.0,1998-06-01,Europe
1998,24,2.0,2.0,0.0,13.0,0.0,1998-06-08,Europe
1998,25,0.0,0.0,0.0,4.0,0.0,1998-06-15,Europe
1998,26,0.0,0.0,0.0,2.0,0.0,1998-06-22,Europe
1998,27,0.0,0.0,0.0,0.0,0.0,1998-06-29,Europe
1998,28,0.0,0.0,0.0,0.0,0.0,1998-07-06,Europe
1998,29,0.0,0.0,0.0,0.0,0.0,1998-07-13,Europe
1998,30,0.0,0.0,0.0,0.0,0.0,1998-07-20,Europe
1998,31,0.0,0.0,0.0,3.0,0.0,1998-07-27,Europe
1998,32,0.0,0.0,0.0,2.0,0.0,1998-08-03,Europe
1998,33,0.0,0.0,0.0,7.0,0.0,1998-08-10,Europe
1998,34,0.0,0.0,0.0,6.0,0.0,1998-08-17,Europe
1998,35,0.0,0.0,0.0,6.0,0.0,1998-08-24,Europe
1998,36,1.0,0.0,1.0,11.0,0.0,1998-08-31,Europe
1998,37,0.0,0.0,0.0,7.0,0.0,1998-09-07,Europe
1998,38,0.0,0.0,0.0,6.0,0.0,1998-09-14,Europe
1998,39,1.0,1.0,0.0,167.0,0.0,1998-09-21,Europe
1998,40,2.0,1.0,1.0,642.0,0.0,1998-09-28,Europe
1998,41,5.0,4.0,1.0,715.0,0.0,1998-10-05,Europe
1998,42,1.0,1.0,0.0,235.0,0.0,1998-10-12,Europe
1998,43,6.0,5.0,1.0,1064.0,0.0,1998-10-19,Europe
1998,44,1.0,0.0,1.0,972.0,0.0,1998-10-26,Europe
1998,45,11.0,9.0,2.0,807.0,0.0,1998-11-02,Europe
1998,46,10.0,4.0,6.0,297.0,0.0,1998-11-09,Europe
1998,47,28.0,19.0,9.0,1422.0,0.0,1998-11-16,Europe
1998,48,27.0,12.0,15.0,1733.0,0.0,1998-11-23,Europe
1998,49,53.0,34.0,19.0,2141.0,0.0,1998-11-30,Europe
1998,50,112.0,67.0,45.0,2075.0,0.0,1998-12-07,Europe
1998,51,128.0,81.0,47.0,1667.0,0.0,1998-12-14,Europe
1998,52,203.0,130.0,73.0,1961.0,0.0,1998-12-21,Europe
1998,53,276.0,211.0,65.0,2128.0,0.0,1998-12-28,Europe
1999,1,1807.0,1034.0,773.0,2242.0,0.0,1999-01-04,Europe
1999,2,1558.0,901.0,657.0,1986.0,0.0,1999-01-11,Europe
1999,3,612.0,504.0,108.0,2262.0,0.0,1999-01-18,Europe
1999,4,1216.0,607.0,609.0,1903.0,0.0,1999-01-25,Europe
1999,5,598.0,498.0,100.0,707.0,0.0,1999-02-01,Europe
1999,6,1205.0,950.0,255.0,1956.0,0.0,1999-02-08,Europe
1999,7,576.0,444.0,132.0,1749.0,0.0,1999-02-15,Europe
1999,8,630.0,484.0,146.0,446.0,0.0,1999-02-22,Europe
1999,9,436.0,319.0,117.0,368.0,0.0,1999-03-01,Europe
1999,10,268.0,184.0,84.0,249.0,0.0,1999-03-08,Europe
1999,11,145.0,109.0,36.0,331.0,0.0,1999-03-15,Europe
1999,12,46.0,26.0,20.0,210.0,0.0,1999-03-22,Europe
1999,13,44.0,23.0,21.0,227.0,0.0,1999-03-29,Europe
1999,14,14.0,9.0,5.0,199.0,0.0,1999-04-05,Europe
1999,15,7.0,5.0,2.0,170.0,0.0,1999-04-12,Europe
1999,16,2.0,0.0,2.0,0.0,0.0,1999-04-19,Europe
1999,17,1.0,1.0,0.0,0.0,0.0,1999-04-26,Europe
1999,18,1.0,0.0,1.0,0.0,0.0,1999-05-03,Europe
1999,19,1.0,1.0,0.0,0.0,0.0,1999-05-10,Europe
1999,20,0.0,0.0,0.0,0.0,0.0,1999-05-17,Europe
1999,21,0.0,0.0,0.0,0.0,0.0,1999-05-24,Europe
1999,22,0.0,0.0,0.0,0.0,0.0,1999-05-31,Europe
1999,23,0.0,0.0,0.0,0.0,0.0,1999-06-07,Europe
1999,24,0.0,0.0,0.0,0.0,0.0,1999-06-14,Europe
1999,25,0.0,0.0,0.0,0.0,0.0,1999-06-21,Europe
1999,26,0.0,0.0,0.0,0.0,0.0,1999-06-28,Europe
1999,27,0.0,0.0,0.0,0.0,0.0,1999-07-05,Europe
1999,28,0.0,0.0,0.0,0.0,0.0,1999-07-12,Europe
1999,29,1.0,1.0,0.0,0.0,0.0,1999-07-19,Europe
1999,30,1.0,1.0,0.0,0.0,0.0,1999-07-26,Europe
1999,31,3.0,3.0,0.0,0.0,0.0,1999-08-02,Europe
1999,32,0.0,0.0,0.0,0.0,0.0,1999-08-09,Europe
1999,33,0.0,0.0,0.0,0.0,0.0,1999-08-16,Europe
1999,34,0.0,0.0,0.0,2.0,0.0,1999-08-23,Europe
1999,35,0.0,0.0,0.0,4.0,0.0,1999-08-30,Europe
1999,36,0.0,0.0,0.0,3.0,0.0,1999-09-06,Europe
1999,37,1.0,1.0,0.0,3.0,0.0,1999-09-13,Europe
1999,38,3.0,3.0,0.0,411.0,0.0,1999-09-20,Europe
1999,39,6.0,6.0,0.0,427.0,0.0,1999-09-27,Europe
1999,40,4.0,4.0,0.0,453.0,0.0,1999-10-04,Europe
1999,41,7.0,7.0,0.0,444.0,0.0,1999-10-11,Europe
1999,42,7.0,7.0,0.0,902.0,0.0,1999-10-18,Europe
1999,43,9.0,8.0,1.0,1073.0,0.0,1999-10-25,Europe
1999,44,19.0,18.0,1.0,985.0,0.0,1999-11-01,Europe
1999,45,31.0,31.0,0.0,734.0,0.0,1999-11-08,Europe
1999,46,69.0,68.0,1.0,1743.0,0.0,1999-11-15,Europe
1999,47,144.0,144.0,0.0,2228.0,0.0,1999-11-22,Europe
1999,48,219.0,214.0,5.0,1774.0,0.0,1999-11-29,Europe
1999,49,414.0,412.0,2.0,2554.0,0.0,1999-12-06,Europe
1999,50,517.0,515.0,2.0,2596.0,0.0,1999-12-13,Europe
1999,51,3502.0,3493.0,9.0,785.0,0.0,1999-12-20,Europe
1999,52,1016.0,1010.0,6.0,2904.0,0.0,1999-12-27,Europe
2000,1,998.0,978.0,20.0,3330.0,0.0,2000-01-03,Europe
2000,2,865.0,857.0,8.0,2434.0,0.0,2000-01-10,Europe
2000,3,707.0,695.0,12.0,1900.0,0.0,2000-01-17,Europe
2000,4,533.0,524.0,9.0,2228.0,0.0,2000-01-24,Europe
2000,5,324.0,320.0,4.0,1524.0,0.0,2000-01-31,Europe
2000,6,276.0,275.0,1.0,1672.0,0.0,2000-02-07,Europe
2000,7,150.0,149.0,1.0,1282.0,0.0,2000-02-14,Europe
2000,8,126.0,121.0,5.0,1288.0,0.0,2000-02-21,Europe
2000,9,62.0,61.0,1.0,1163.0,0.0,2000-02-28,Europe
2000,10,23.0,16.0,7.0,1062.0,0.0,2000-03-06,Europe
2000,11,9.0,8.0,1.0,975.0,0.0,2000-03-13,Europe
2000,12,11.0,6.0,5.0,653.0,0.0,2000-03-20,Europe
2000,13,7.0,4.0,3.0,568.0,0.0,2000-03-27,Europe
2000,14,10.0,6.0,4.0,476.0,0.0,2000-04-03,Europe
2000,15,11.0,11.0,0.0,395.0,0.0,2000-04-10,Europe
2000,16,3.0,2.0,1.0,23.0,0.0,2000-04-17,Europe
2000,17,0.0,0.0,0.0,21.0,0.0,2000-04-24,Europe
2000,18,6.0,1.0,5.0,14.0,0.0,2000-05-01,Europe
2000,19,0.0,0.0,0.0,24.0,0.0,2000-05-08,Europe
2000,20,3.0,2.0,1.0,0.0,0.0,2000-05-15,Europe
2000,21,1.0,1.0,0.0,0.0,0.0,2000-05-22,Europe
2000,23,2.0,2.0,0.0,0.0,0.0,2000-06-05,Europe
2000,35,0.0,0.0,0.0,1.0,0.0,2000-08-28,Europe
2000,36,2.0,2.0,0.0,9.0,0.0,2000-09-04,Europe
2000,37,0.0,0.0,0.0,5.0,0.0,2000-09-11,Europe
2000,38,2.0,2.0,0.0,10.0,0.0,2000-09-18,Europe
2000,39,0.0,0.0,0.0,601.0,0.0,2000-09-25,Europe
2000,40,3.0,1.0,2.0,916.0,0.0,2000-10-02,Europe
2000,41,2.0,0.0,2.0,978.0,0.0,2000-10-09,Europe
2000,42,2.0,0.0,2.0,883.0,0.0,2000-10-16,Europe
2000,43,10.0,2.0,8.0,1037.0,0.0,2000-10-23,Europe
2000,44,9.0,8.0,1.0,950.0,0.0,2000-10-30,Europe
2000,45,17.0,17.0,0.0,1134.0,0.0,2000-11-06,Europe
2000,46,25.0,24.0,1.0,1454.0,0.0,2000-11-13,Europe
2000,47,52.0,51.0,1.0,1933.0,0.0,2000-11-20,Europe
2000,48,89.0,88.0,1.0,2143.0,0.0,2000-11-27,Europe
2000,49,96.0,93.0,3.0,1605.0,0.0,2000-12-04,Europe
2000,50,101.0,96.0,5.0,1725.0,0.0,2000-12-11,Europe
2000,51,31.0,30.0,1.0,1413.0,0.0,2000-12-18,Europe
2000,52,107.0,102.0,5.0,2213.0,0.0,2000-12-25,Europe
2001,1,172.0,155.0,17.0,434.0,0.0,2001-01-01,Europe
2001,2,476.0,448.0,28.0,1962.0,0.0,2001-01-08,Europe
2001,3,907.0,869.0,38.0,2008.0,0.0,2001-01-15,Europe
2001,4,969.0,926.0,43.0,2639.0,0.0,2001-01-22,Europe
2001,5,902.0,834.0,68.0,2480.0,0.0,2001-01-29,Europe
2001,6,628.0,540.0,88.0,1993.0,0.0,2001-02-05,Europe
2001,7,428.0,342.0,86.0,852.0,0.0,2001-02-12,Europe
2001,8,350.0,239.0,111.0,889.0,0.0,2001-02-19,Europe
2001,9,312.0,196.0,116.0,1305.0,0.0,2001-02-26,Europe
2001,10,249.0,122.0,127.0,1471.0,0.0,2001-03-05,Europe
2001,11,230.0,67.0,163.0,1675.0,0.0,2001-03-12,Europe
2001,12,185.0,41.0,144.0,1253.0,0.0,2001-03-19,Europe
2001,13,100.0,25.0,75.0,468.0,0.0,2001-03-26,Europe
2001,14,57.0,6.0,51.0,748.0,0.0,2001-04-02,Europe
2001,15,39.0,1.0,38.0,728.0,0.0,2001-04-09,Europe
2001,16,50.0,3.0,47.0,299.0,0.0,2001-04-16,Europe
2001,17,0.0,0.0,0.0,32.0,0.0,2001-04-23,Europe
2001,18,2.0,0.0,2.0,57.0,0.0,2001-04-30,Europe
2001,19,7.0,0.0,7.0,36.0,0.0,2001-05-07,Europe
2001,20,2.0,0.0,2.0,0.0,0.0,2001-05-14,Europe
2001,21,4.0,0.0,4.0,22.0,0.0,2001-05-21,Europe
2001,22,0.0,0.0,0.0,0.0,0.0,2001-05-28,Europe
2001,24,1.0,1.0,0.0,0.0,0.0,2001-06-11,Europe
2001,25,0.0,0.0,0.0,0.0,0.0,2001-06-18,Europe
2001,28,0.0,0.0,0.0,0.0,0.0,2001-07-09,Europe
2001,29,0.0,0.0,0.0,0.0,0.0,2001-07-16,Europe
2001,36,1.0,1.0,0.0,3.0,0.0,2001-09-03,Europe
2001,37,0.0,0.0,0.0,4.0,0.0,2001-09-10,Europe
2001,38,1.0,1.0,0.0,6.0,0.0,2001-09-17,Europe
2001,39,3.0,2.0,1.0,589.0,0.0,2001-09-24,Europe
2001,40,1.0,0.0,1.0,659.0,0.0,2001-10-01,Europe
2001,41,1.0,1.0,0.0,727.0,0.0,2001-10-08,Europe
2001,42,1.0,0.0,1.0,947.0,0.0,2001-10-15,Europe
2001,43,1.0,1.0,0.0,721.0,0.0,2001-10-22,Europe
2001,44,1.0,1.0,0.0,1194.0,0.0,2001-10-29,Europe
2001,45,11.0,7.0,4.0,1337.0,0.0,2001-11-05,Europe
2001,46,7.0,6.0,1.0,1449.0,0.0,2001-11-12,Europe
2001,47,12.0,5.0,7.0,1709.0,0.0,2001-11-19,Europe
2001,48,21.0,15.0,6.0,2117.0,0.0,2001-11-26,Europe
2001,49,27.0,14.0,13.0,2049.0,0.0,2001-12-03,Europe
2001,50,59.0,35.0,24.0,1930.0,0.0,2001-12-10,Europe
2001,51,58.0,48.0,10.0,1939.0,0.0,2001-12-17,Europe
2001,52,80.0,54.0,26.0,1716.0,0.0,2001-12-24,Europe
2002,1,262.0,193.0,69.0,970.0,0.0,2001-12-31,Europe
2002,2,774.0,643.0,131.0,2887.0,0.0,2002-01-07,Europe
2002,3,626.0,499.0,127.0,2355.0,0.0,2002-01-14,Europe
2002,4,696.0,514.0,182.0,3300.0,0.0,2002-01-21,Europe
2002,5,951.0,793.0,158.0,2420.0,0.0,2002-01-28,Europe
2002,6,904.0,711.0,193.0,1568.0,0.0,2002-02-04,Europe
2002,7,861.0,678.0,183.0,1572.0,0.0,2002-02-11,Europe
2002,8,818.0,617.0,201.0,1537.0,0.0,2002-02-18,Europe
2002,9,503.0,323.0,180.0,1700.0,0.0,2002-02-25,Europe
2002,10,393.0,264.0,129.0,1816.0,0.0,2002-03-04,Europe
2002,11,366.0,263.0,103.0,1617.0,0.0,2002-03-11,Europe
2002,12,177.0,135.0,42.0,968.0,0.0,2002-03-18,Europe
2002,13,119.0,87.0,32.0,1066.0,0.0,2002-03-25,Europe
2002,14,96.0,66.0,30.0,846.0,0.0,2002-04-01,Europe
2002,15,39.0,9.0,30.0,889.0,0.0,2002-04-08,Europe
2002,16,19.0,8.0,11.0,718.0,0.0,2002-04-15,Europe
2002,17,12.0,3.0,9.0,39.0,0.0,2002-04-22,Europe
2002,18,0.0,0.0,0.0,0.0,0.0,2002-04-29,Europe
2002,19,0.0,0.0,0.0,0.0,0.0,2002-05-06,Europe
2002,20,0.0,0.0,0.0,0.0,0.0,2002-05-13,Europe
2002,27,0.0,0.0,0.0,0.0,0.0,2002-07-01,Europe
2002,29,0.0,0.0,0.0,0.0,0.0,2002-07-15,Europe
2002,31,0.0,0.0,0.0,0.0,0.0,2002-07-29,Europe
2002,32,0.0,0.0,0.0,1.0,0.0,2002-08-05,Europe
2002,33,1.0,0.0,1.0,1.0,0.0,2002-08-12,Europe
2002,34,2.0,0.0,2.0,2.0,0.0,2002-08-19,Europe
2002,35,1.0,0.0,1.0,0.0,0.0,2002-08-26,Europe
2002,36,1.0,1.0,0.0,0.0,0.0,2002-09-02,Europe
2002,37,0.0,0.0,0.0,0.0,0.0,2002-09-09,Europe
2002,38,0.0,0.0,0.0,0.0,0.0,2002-09-16,Europe
2002,39,0.0,0.0,0.0,750.0,0.0,2002-09-23,Europe
2002,40,1.0,0.0,1.0,780.0,0.0,2002-09-30,Europe
2002,41,1.0,1.0,0.0,1054.0,0.0,2002-10-07,Europe
2002,42,5.0,2.0,3.0,1090.0,0.0,2002-10-14,Europe
2002,43,2.0,1.0,1.0,1130.0,0.0,2002-10-21,Europe
2002,44,6.0,0.0,6.0,1361.0,0.0,2002-10-28,Europe
2002,45,6.0,0.0,6.0,1563.0,0.0,2002-11-04,Europe
2002,46,18.0,2.0,16.0,1857.0,0.0,2002-11-11,Europe
2002,47,24.0,3.0,21.0,2032.0,0.0,2002-11-18,Europe
2002,48,54.0,5.0,49.0,1842.0,0.0,2002-11-25,Europe
2002,49,61.0,2.0,59.0,1059.0,0.0,2002-12-02,Europe
2002,50,57.0,10.0,47.0,1977.0,0.0,2002-12-09,Europe
2002,51,49.0,16.0,33.0,1668.0,0.0,2002-12-16,Europe
2002,52,47.0,6.0,41.0,844.0,0.0,2002-12-23,Europe
2003,1,42.0,12.0,30.0,2015.0,0.0,2002-12-30,Europe
2003,2,91.0,29.0,62.0,1621.0,0.0,2003-01-06,Europe
2003,3,181.0,64.0,117.0,2246.0,0.0,2003-01-13,Europe
2003,4,215.0,89.0,126.0,2317.0,0.0,2003-01-20,Europe
2003,5,324.0,188.0,136.0,2694.0,0.0,2003-01-27,Europe
2003,6,551.0,351.0,200.0,3025.0,0.0,2003-02-03,Europe
2003,7,728.0,515.0,213.0,3091.0,0.0,2003-02-10,Europe
2003,8,862.0,703.0,159.0,3462.0,0.0,2003-02-17,Europe
2003,9,800.0,663.0,137.0,3344.0,0.0,2003-02-24,Europe
2003,10,594.0,447.0,147.0,3038.0,0.0,2003-03-03,Europe
2003,11,302.0,209.0,93.0,2214.0,0.0,2003-03-10,Europe
2003,12,304.0,211.0,93.0,2312.0,0.0,2003-03-17,Europe
2003,13,167.0,115.0,52.0,1729.0,0.0,2003-03-24,Europe
2003,14,124.0,86.0,38.0,1219.0,0.0,2003-03-31,Europe
2003,15,97.0,81.0,16.0,1381.0,0.0,2003-04-07,Europe
2003,16,78.0,71.0,7.0,740.0,0.0,2003-04-14,Europe
2003,17,25.0,20.0,5.0,284.0,0.0,2003-04-21,Europe
2003,18,4.0,4.0,0.0,65.0,0.0,2003-04-28,Europe
2003,19,2.0,2.0,0.0,53.0,0.0,2003-05-05,Europe
2003,20,5.0,5.0,0.0,48.0,0.0,2003-05-12,Europe
2003,21,10.0,10.0,0.0,26.0,0.0,2003-05-19,Europe
2003,22,1.0,1.0,0.0,25.0,0.0,2003-05-26,Europe
2003,23,2.0,2.0,0.0,24.0,0.0,2003-06-02,Europe
2003,24,0.0,0.0,0.0,0.0,0.0,2003-06-09,Europe
2003,25,1.0,1.0,0.0,25.0,0.0,2003-06-16,Europe
2003,26,0.0,0.0,0.0,0.0,0.0,2003-06-23,Europe
2003,27,1.0,1.0,0.0,1.0,0.0,2003-06-30,Europe
2003,28,0.0,0.0,0.0,0.0,0.0,2003-07-07,Europe
2003,29,0.0,0.0,0.0,0.0,0.0,2003-07-14,Europe
2003,30,1.0,1.0,0.0,1.0,0.0,2003-07-21,Europe
2003,31,0.0,0.0,0.0,0.0,0.0,2003-07-28,Europe
2003,32,2.0,2.0,0.0,23.0,0.0,2003-08-04,Europe
2003,33,0.0,0.0,0.0,0.0,0.0,2003-08-11,Europe
2003,34,1.0,1.0,0.0,1.0,0.0,2003-08-18,Europe
2003,35,15.0,15.0,0.0,15.0,0.0,2003-08-25,Europe
2003,36,1.0,1.0,0.0,24.0,0.0,2003-09-01,Europe
2003,37,4.0,4.0,0.0,6.0,0.0,2003-09-08,Europe
2003,38,0.0,0.0,0.0,10.0,0.0,2003-09-15,Europe
2003,39,5.0,5.0,0.0,217.0,0.0,2003-09-22,Europe
2003,40,3.0,3.0,0.0,80.0,0.0,2003-09-29,Europe
2003,41,20.0,20.0,0.0,1150.0,0.0,2003-10-06,Europe
2003,42,43.0,43.0,0.0,1325.0,0.0,2003-10-13,Europe
2003,43,56.0,54.0,2.0,1111.0,0.0,2003-10-20,Europe
2003,44,122.0,119.0,3.0,649.0,0.0,2003-10-27,Europe
2003,45,213.0,209.0,4.0,911.0,0.0,2003-11-03,Europe
2003,46,459.0,459.0,0.0,1397.0,0.0,2003-11-10,Europe
2003,47,715.0,712.0,3.0,1979.0,0.0,2003-11-17,Europe
2003,48,869.0,865.0,4.0,2208.0,0.0,2003-11-24,Europe
2003,49,948.0,937.0,11.0,2297.0,0.0,2003-12-01,Europe
2003,50,858.0,856.0,2.0,2334.0,0.0,2003-12-08,Europe
2003,51,833.0,827.0,6.0,1576.0,0.0,2003-12-15,Europe
2003,52,592.0,591.0,1.0,1349.0,0.0,2003-12-22,Europe
2004,1,350.0,348.0,2.0,1332.0,0.0,2003-12-29,Europe
2004,2,278.0,277.0,1.0,1554.0,0.0,2004-01-05,Europe
2004,3,279.0,279.0,0.0,1606.0,0.0,2004-01-12,Europe
2004,4,225.0,220.0,5.0,1535.0,0.0,2004-01-19,Europe
2004,5,246.0,245.0,1.0,1667.0,0.0,2004-01-26,Europe
2004,6,205.0,202.0,3.0,1366.0,0.0,2004-02-02,Europe
2004,7,109.0,104.0,5.0,990.0,0.0,2004-02-09,Europe
2004,8,110.0,109.0,1.0,527.0,0.0,2004-02-16,Europe
2004,9,119.0,119.0,0.0,461.0,0.0,2004-02-23,Europe
2004,10,89.0,82.0,7.0,593.0,0.0,2004-03-01,Europe
2004,11,107.0,98.0,9.0,431.0,0.0,2004-03-08,Europe
2004,12,49.0,42.0,7.0,459.0,0.0,2004-03-15,Europe
2004,13,27.0,24.0,3.0,303.0,0.0,2004-03-22,Europe
2004,14,25.0,20.0,5.0,310.0,0.0,2004-03-29,Europe
2004,15,5.0,3.0,2.0,97.0,0.0,2004-04-05,Europe
2004,16,7.0,4.0,3.0,75.0,0.0,2004-04-12,Europe
2004,17,2.0,0.0,2.0,126.0,0.0,2004-04-19,Europe
2004,18,2.0,1.0,1.0,89.0,0.0,2004-04-26,Europe
2004,19,0.0,0.0,0.0,15.0,0.0,2004-05-03,Europe
2004,20,0.0,0.0,0.0,0.0,0.0,2004-05-10,Europe
2004,21,0.0,0.0,0.0,1.0,0.0,2004-05-17,Europe
2004,22,0.0,0.0,0.0,0.0,0.0,2004-05-24,Europe
2004,23,0.0,0.0,0.0,0.0,0.0,2004-05-31,Europe
2004,24,0.0,0.0,0.0,0.0,0.0,2004-06-07,Europe
2004,25,0.0,0.0,0.0,0.0,0.0,2004-06-14,Europe
2004,26,0.0,0.0,0.0,0.0,0.0,2004-06-21,Europe
2004,27,0.0,0.0,0.0,0.0,0.0,2004-06-28,Europe
2004,36,1.0,1.0,0.0,3.0,0.0,2004-08-30,Europe
2004,37,0.0,0.0,0.0,0.0,0.0,2004-09-06,Europe
2004,38,0.0,0.0,0.0,7.0,0.0,2004-09-13,Europe
2004,39,0.0,0.0,0.0,15.0,0.0,2004-09-20,Europe
2004,40,1.0,1.0,0.0,203.0,0.0,2004-09-27,Europe
2004,41,2.0,1.0,1.0,323.0,0.0,2004-10-04,Europe
2004,42,2.0,2.0,0.0,319.0,0.0,2004-10-11,Europe
2004,43,3.0,3.0,0.0,418.0,0.0,2004-10-18,Europe
2004,44,2.0,2.0,0.0,373.0,0.0,2004-10-25,Europe
2004,45,5.0,5.0,0.0,471.0,0.0,2004-11-01,Europe
2004,46,6.0,5.0,1.0,467.0,0.0,2004-11-08,Europe
2004,47,7.0,7.0,0.0,605.0,0.0,2004-11-15,Europe
2004,48,18.0,17.0,1.0,630.0,0.0,2004-11-22,Europe
2004,49,25.0,21.0,4.0,805.0,0.0,2004-11-29,Europe
2004,50,53.0,48.0,5.0,753.0,0.0,2004-12-06,Europe
2004,51,89.0,83.0,6.0,858.0,0.0,2004-12-13,Europe
2004,52,155.0,144.0,11.0,891.0,0.0,2004-12-20,Europe
2004,53,140.0,128.0,12.0,899.0,0.0,2004-12-27,Europe
2005,1,209.0,194.0,15.0,1194.0,0.0,2005-01-03,Europe
2005,2,274.0,262.0,12.0,1274.0,0.0,2005-01-10,Europe
2005,3,478.0,445.0,33.0,1677.0,0.0,2005-01-17,Europe
2005,4,636.0,588.0,48.0,2030.0,0.0,2005-01-24,Europe
2005,5,796.0,742.0,54.0,2230.0,0.0,2005-01-31,Europe
2005,6,835.0,770.0,65.0,2187.0,0.0,2005-02-07,Europe
2005,7,877.0,798.0,79.0,2307.0,0.0,2005-02-14,Europe
2005,8,873.0,777.0,96.0,2014.0,0.0,2005-02-21,Europe
2005,9,860.0,741.0,119.0,1840.0,0.0,2005-02-28,Europe
2005,10,792.0,654.0,138.0,1683.0,0.0,2005-03-07,Europe
2005,11,694.0,533.0,161.0,1520.0,0.0,2005-03-14,Europe
2005,12,317.0,247.0,70.0,888.0,0.0,2005-03-21,Europe
2005,13,260.0,180.0,80.0,855.0,0.0,2005-03-28,Europe
2005,14,142.0,78.0,64.0,665.0,0.0,2005-04-04,Europe
2005,15,74.0,36.0,38.0,596.0,0.0,2005-04-11,Europe
2005,16,54.0,24.0,30.0,516.0,0.0,2005-04-18,Europe
2005,17,15.0,3.0,12.0,393.0,0.0,2005-04-25,Europe
2005,18,13.0,6.0,7.0,134.0,0.0,2005-05-02,Europe
2005,19,6.0,3.0,3.0,137.0,0.0,2005-05-09,Europe
2005,20,2.0,1.0,1.0,81.0,0.0,2005-05-16,Europe
2005,21,0.0,0.0,0.0,2.0,0.0,2005-05-23,Europe
2005,22,0.0,0.0,0.0,1.0,0.0,2005-05-30,Europe
2005,23,0.0,0.0,0.0,1.0,0.0,2005-06-06,Europe
2005,24,0.0,0.0,0.0,0.0,0.0,2005-06-13,Europe
2005,25,0.0,0.0,0.0,0.0,0.0,2005-06-20,Europe
2005,26,0.0,0.0,0.0,2.0,0.0,2005-06-27,Europe
2005,27,0.0,0.0,0.0,2.0,0.0,2005-07-04,Europe
2005,28,0.0,0.0,0.0,0.0,0.0,2005-07-11,Europe
2005,29,0.0,0.0,0.0,0.0,0.0,2005-07-18,Europe
2005,30,0.0,0.0,0.0,0.0,0.0,2005-07-25,Europe
2005,31,0.0,0.0,0.0,3.0,0.0,2005-08-01,Europe
2005,32,0.0,0.0,0.0,0.0,0.0,2005-08-08,Europe
2005,33,0.0,0.0,0.0,0.0,0.0,2005-08-15,Europe
2005,34,0.0,0.0,0.0,1.0,0.0,2005-08-22,Europe
2005,35,0.0,0.0,0.0,0.0,0.0,2005-08-29,Europe
2005,36,0.0,0.0,0.0,0.0,0.0,2005-09-05,Europe
2005,37,0.0,0.0,0.0,0.0,0.0,2005-09-12,Europe
2005,38,0.0,0.0,0.0,12.0,0.0,2005-09-19,Europe
2005,39,0.0,0.0,0.0,16.0,0.0,2005-09-26,Europe
2005,40,1.0,1.0,0.0,388.0,0.0,2005-10-03,Europe
2005,41,0.0,0.0,0.0,463.0,0.0,2005-10-10,Europe
2005,42,1.0,1.0,0.0,553.0,0.0,2005-10-17,Europe
2005,43,4.0,4.0,0.0,418.0,0.0,2005-10-24,Europe
2005,44,1.0,0.0,1.0,471.0,0.0,2005-10-31,Europe
2005,45,3.0,1.0,2.0,585.0,0.0,2005-11-07,Europe
2005,46,5.0,4.0,1.0,798.0,0.0,2005-11-14,Europe
2005,47,5.0,2.0,3.0,1000.0,0.0,2005-11-21,Europe
2005,48,2.0,0.0,2.0,1173.0,0.0,2005-11-28,Europe
2005,49,12.0,6.0,6.0,1275.0,0.0,2005-12-05,Europe
2005,50,8.0,1.0,7.0,1390.0,0.0,2005-12-12,Europe
2005,51,15.0,4.0,11.0,1284.0,0.0,2005-12-19,Europe
2005,52,38.0,12.0,26.0,1152.0,0.0,2005-12-26,Europe
2006,1,55.0,13.0,42.0,1509.0,0.0,2006-01-02,Europe
2006,2,62.0,20.0,42.0,1590.0,0.0,2006-01-09,Europe
2006,3,84.0,32.0,52.0,1534.0,0.0,2006-01-16,Europe
2006,4,184.0,50.0,134.0,1729.0,0.0,2006-01-23,Europe
2006,5,267.0,72.0,195.0,1641.0,0.0,2006-01-30,Europe
2006,6,378.0,124.0,254.0,1999.0,0.0,2006-02-06,Europe
2006,7,470.0,159.0,311.0,2065.0,0.0,2006-02-13,Europe
2006,8,539.0,175.0,364.0,2070.0,0.0,2006-02-20,Europe
2006,9,562.0,213.0,349.0,1955.0,0.0,2006-02-27,Europe
2006,10,498.0,208.0,290.0,1967.0,0.0,2006-03-06,Europe
2006,11,563.0,242.0,321.0,1812.0,0.0,2006-03-13,Europe
2006,12,583.0,251.0,332.0,1955.0,0.0,2006-03-20,Europe
2006,13,418.0,167.0,251.0,1625.0,0.0,2006-03-27,Europe
2006,14,326.0,177.0,149.0,1448.0,0.0,2006-04-03,Europe
2006,15,212.0,123.0,89.0,930.0,0.0,2006-04-10,Europe
2006,16,102.0,70.0,32.0,663.0,0.0,2006-04-17,Europe
2006,17,56.0,36.0,20.0,743.0,0.0,2006-04-24,Europe
2006,18,25.0,18.0,7.0,49.0,0.0,2006-05-01,Europe
2006,19,13.0,6.0,7.0,39.0,0.0,2006-05-08,Europe
2006,20,1.0,1.0,0.0,15.0,0.0,2006-05-15,Europe
2006,21,0.0,0.0,0.0,7.0,0.0,2006-05-22,Europe
2006,22,2.0,2.0,0.0,108.0,0.0,2006-05-29,Europe
2006,23,4.0,4.0,0.0,44.0,0.0,2006-06-05,Europe
2006,24,5.0,4.0,1.0,130.0,0.0,2006-06-12,Europe
2006,25,2.0,1.0,1.0,3.0,0.0,2006-06-19,Europe
2006,26,1.0,0.0,1.0,1.0,0.0,2006-06-26,Europe
2006,27,0.0,0.0,0.0,0.0,0.0,2006-07-03,Europe
2006,28,0.0,0.0,0.0,0.0,0.0,2006-07-10,Europe
2006,29,0.0,0.0,0.0,0.0,0.0,2006-07-17,Europe
2006,30,0.0,0.0,0.0,0.0,0.0,2006-07-24,Europe
2006,31,0.0,0.0,0.0,0.0,0.0,2006-07-31,Europe
2006,32,0.0,0.0,0.0,0.0,0.0,2006-08-07,Europe
2006,33,1.0,1.0,0.0,1.0,0.0,2006-08-14,Europe
2006,34,1.0,1.0,0.0,0.0,0.0,2006-08-21,Europe
2006,35,0.0,0.0,0.0,0.0,0.0,2006-08-28,Europe
2006,36,1.0,0.0,1.0,1.0,0.0,2006-09-04,Europe
2006,37,0.0,0.0,0.0,2.0,0.0,2006-09-11,Europe
2006,38,0.0,0.0,0.0,5.0,0.0,2006-09-18,Europe
2006,39,0.0,0.0,0.0,20.0,0.0,2006-09-25,Europe
2006,40,0.0,0.0,0.0,325.0,0.0,2006-10-02,Europe
2006,41,1.0,1.0,0.0,410.0,0.0,2006-10-09,Europe
2006,42,0.0,0.0,0.0,396.0,0.0,2006-10-16,Europe
2006,43,1.0,1.0,0.0,488.0,0.0,2006-10-23,Europe
2006,44,1.0,1.0,0.0,651.0,0.0,2006-10-30,Europe
2006,45,4.0,4.0,0.0,553.0,0.0,2006-11-06,Europe
2006,46,7.0,7.0,0.0,632.0,0.0,2006-11-13,Europe
2006,47,22.0,20.0,2.0,760.0,0.0,2006-11-20,Europe
2006,48,15.0,13.0,2.0,844.0,0.0,2006-11-27,Europe
2006,49,28.0,28.0,0.0,1140.0,0.0,2006-12-04,Europe
2006,50,35.0,34.0,1.0,1192.0,0.0,2006-12-11,Europe
2006,51,54.0,54.0,0.0,1331.0,0.0,2006-12-18,Europe
2006,52,82.0,82.0,0.0,1381.0,0.0,2006-12-25,Europe
2007,1,108.0,108.0,0.0,1310.0,0.0,2007-01-01,Europe
2007,2,222.0,219.0,3.0,1740.0,0.0,2007-01-08,Europe
2007,3,384.0,368.0,16.0,1983.0,0.0,2007-01-15,Europe
2007,4,556.0,529.0,27.0,2402.0,0.0,2007-01-22,Europe
2007,5,692.0,666.0,26.0,2642.0,0.0,2007-01-29,Europe
2007,6,922.0,898.0,24.0,3081.0,0.0,2007-02-05,Europe
2007,7,836.0,825.0,11.0,2884.0,0.0,2007-02-12,Europe
2007,8,870.0,848.0,22.0,2866.0,0.0,2007-02-19,Europe
2007,9,775.0,760.0,15.0,2394.0,0.0,2007-02-26,Europe
2007,10,684.0,675.0,9.0,2351.0,0.0,2007-03-05,Europe
2007,11,386.0,372.0,14.0,1445.0,0.0,2007-03-12,Europe
2007,12,245.0,234.0,11.0,1289.0,0.0,2007-03-19,Europe
2007,13,151.0,144.0,7.0,919.0,0.0,2007-03-26,Europe
2007,14,84.0,77.0,7.0,432.0,0.0,2007-04-02,Europe
2007,15,49.0,46.0,3.0,586.0,0.0,2007-04-09,Europe
2007,16,19.0,19.0,0.0,612.0,0.0,2007-04-16,Europe
2007,17,9.0,8.0,1.0,454.0,0.0,2007-04-23,Europe
2007,18,6.0,4.0,2.0,146.0,0.0,2007-04-30,Europe
2007,19,4.0,2.0,2.0,134.0,0.0,2007-05-07,Europe
2007,20,1.0,1.0,0.0,111.0,0.0,2007-05-14,Europe
2007,21,0.0,0.0,0.0,112.0,0.0,2007-05-21,Europe
2007,22,0.0,0.0,0.0,75.0,0.0,2007-05-28,Europe
2007,23,0.0,0.0,0.0,11.0,0.0,2007-06-04,Europe
2007,24,0.0,0.0,0.0,6.0,0.0,2007-06-11,Europe
2007,25,0.0,0.0,0.0,5.0,0.0,2007-06-18,Europe
2007,26,0.0,0.0,0.0,12.0,0.0,2007-06-25,Europe
2007,27,0.0,0.0,0.0,4.0,0.0,2007-07-02,Europe
2007,28,0.0,0.0,0.0,4.0,0.0,2007-07-09,Europe
2007,29,0.0,0.0,0.0,7.0,0.0,2007-07-16,Europe
2007,30,0.0,0.0,0.0,1.0,0.0,2007-07-23,Europe
2007,31,0.0,0.0,0.0,2.0,0.0,2007-07-30,Europe
2007,32,0.0,0.0,0.0,2.0,0.0,2007-08-06,Europe
2007,33,0.0,0.0,0.0,5.0,0.0,2007-08-13,Europe
2007,34,1.0,1.0,0.0,5.0,0.0,2007-08-20,Europe
2007,35,0.0,0.0,0.0,9.0,0.0,2007-08-27,Europe
2007,36,0.0,0.0,0.0,7.0,0.0,2007-09-03,Europe
2007,37,0.0,0.0,0.0,13.0,0.0,2007-09-10,Europe
2007,38,1.0,1.0,0.0,15.0,0.0,2007-09-17,Europe
2007,39,0.0,0.0,0.0,10.0,0.0,2007-09-24,Europe
2007,40,5.0,3.0,2.0,328.0,0.0,2007-10-01,Europe
2007,41,2.0,2.0,0.0,435.0,0.0,2007-10-08,Europe
2007,42,5.0,3.0,2.0,434.0,0.0,2007-10-15,Europe
2007,43,3.0,2.0,1.0,423.0,0.0,2007-10-22,Europe
2007,44,3.0,1.0,2.0,474.0,0.0,2007-10-29,Europe
2007,45,14.0,7.0,7.0,705.0,0.0,2007-11-05,Europe
2007,46,23.0,14.0,9.0,866.0,0.0,2007-11-12,Europe
2007,47,46.0,35.0,11.0,934.0,0.0,2007-11-19,Europe
2007,48,60.0,46.0,14.0,1062.0,0.0,2007-11-26,Europe
2007,49,85.0,73.0,12.0,1071.0,0.0,2007-12-03,Europe
2007,50,114.0,98.0,16.0,1403.0,0.0,2007-12-10,Europe
2007,51,186.0,162.0,24.0,1120.0,0.0,2007-12-17,Europe
2007,52,114.0,88.0,26.0,854.0,0.0,2007-12-24,Europe
2008,1,230.0,194.0,36.0,1420.0,0.0,2007-12-31,Europe
2008,2,525.0,394.0,131.0,1963.0,0.0,2008-01-07,Europe
2008,3,656.0,505.0,151.0,2099.0,0.0,2008-01-14,Europe
2008,4,683.0,526.0,157.0,2513.0,0.0,2008-01-21,Europe
2008,5,725.0,508.0,217.0,2662.0,0.0,2008-01-28,Europe
2008,6,700.0,463.0,237.0,2474.0,0.0,2008-02-04,Europe
2008,7,640.0,367.0,273.0,2427.0,0.0,2008-02-11,Europe
2008,8,674.0,317.0,357.0,2211.0,0.0,2008-02-18,Europe
2008,9,566.0,230.0,336.0,1942.0,0.0,2008-02-25,Europe
2008,10,420.0,136.0,284.0,1696.0,0.0,2008-03-03,Europe
2008,11,328.0,91.0,237.0,1612.0,0.0,2008-03-10,Europe
2008,12,265.0,69.0,196.0,1346.0,0.0,2008-03-17,Europe
2008,13,228.0,43.0,185.0,1217.0,0.0,2008-03-24,Europe
2008,14,184.0,33.0,151.0,1039.0,0.0,2008-03-31,Europe
2008,15,170.0,25.0,145.0,1021.0,0.0,2008-04-07,Europe
2008,16,103.0,21.0,82.0,763.0,0.0,2008-04-14,Europe
2008,17,75.0,10.0,65.0,752.0,0.0,2008-04-21,Europe
2008,18,72.0,19.0,53.0,552.0,0.0,2008-04-28,Europe
2008,19,49.0,5.0,44.0,292.0,0.0,2008-05-05,Europe
2008,20,17.0,6.0,11.0,102.0,0.0,2008-05-12,Europe
2008,21,8.0,4.0,4.0,48.0,0.0,2008-05-19,Europe
2008,22,7.0,1.0,6.0,58.0,0.0,2008-05-26,Europe
2008,23,0.0,0.0,0.0,4.0,0.0,2008-06-02,Europe
2008,24,6.0,0.0,6.0,68.0,0.0,2008-06-09,Europe
2008,25,4.0,0.0,4.0,34.0,0.0,2008-06-16,Europe
2008,26,1.0,0.0,1.0,26.0,0.0,2008-06-23,Europe
2008,27,2.0,0.0,2.0,22.0,0.0,2008-06-30,Europe
2008,28,0.0,0.0,0.0,13.0,0.0,2008-07-07,Europe
2008,29,2.0,0.0,2.0,31.0,0.0,2008-07-14,Europe
2008,30,0.0,0.0,0.0,7.0,0.0,2008-07-21,Europe
2008,31,1.0,1.0,0.0,10.0,0.0,2008-07-28,Europe
2008,32,0.0,0.0,0.0,4.0,0.0,2008-08-04,Europe
2008,33,0.0,0.0,0.0,3.0,0.0,2008-08-11,Europe
2008,34,1.0,1.0,0.0,10.0,0.0,2008-08-18,Europe
2008,35,0.0,0.0,0.0,8.0,0.0,2008-08-25,Europe
2008,36,0.0,0.0,0.0,12.0,0.0,2008-09-01,Europe
2008,37,1.0,0.0,1.0,12.0,0.0,2008-09-08,Europe
2008,38,0.0,0.0,0.0,20.0,0.0,2008-09-15,Europe
2008,39,1.0,1.0,0.0,25.0,0.0,2008-09-22,Europe
2008,40,4.0,4.0,0.0,724.0,0.0,2008-09-29,Europe
2008,41,0.0,0.0,0.0,934.0,0.0,2008-10-06,Europe
2008,42,3.0,3.0,0.0,981.0,0.0,2008-10-13,Europe
2008,43,7.0,5.0,2.0,1052.0,0.0,2008-10-20,Europe
2008,44,8.0,7.0,1.0,1164.0,0.0,2008-10-27,Europe
2008,45,53.0,44.0,9.0,1606.0,0.0,2008-11-03,Europe
2008,46,42.0,36.0,6.0,1466.0,0.0,2008-11-10,Europe
2008,47,32.0,30.0,2.0,1804.0,0.0,2008-11-17,Europe
2008,48,64.0,59.0,5.0,2077.0,0.0,2008-11-24,Europe
2008,49,228.0,213.0,15.0,2819.0,0.0,2008-12-01,Europe
2008,50,263.0,252.0,11.0,2928.0,0.0,2008-12-08,Europe
2008,51,493.0,485.0,8.0,3452.0,0.0,2008-12-15,Europe
2008,52,688.0,676.0,12.0,3257.0,0.0,2008-12-22,Europe
2009,1,794.0,778.0,16.0,3457.0,145.0,2008-12-29,Europe
2009,2,1090.0,1075.0,15.0,4259.0,266.0,2009-01-05,Europe
2009,3,1705.0,1683.0,22.0,4691.0,489.0,2009-01-12,Europe
2009,4,1740.0,1683.0,57.0,5526.0,714.0,2009-01-19,Europe
2009,5,1286.0,1190.0,96.0,5110.0,798.0,2009-01-26,Europe
2009,6,1123.0,999.0,124.0,4616.0,614.0,2009-02-02,Europe
2009,7,702.0,578.0,124.0,3935.0,489.0,2009-02-09,Europe
2009,8,576.0,404.0,172.0,3170.0,343.0,2009-02-16,Europe
2009,9,428.0,264.0,164.0,2979.0,275.0,2009-02-23,Europe
2009,10,361.0,171.0,190.0,2750.0,175.0,2009-03-02,Europe
2009,11,335.0,141.0,194.0,2034.0,206.0,2009-03-09,Europe
2009,12,226.0,60.0,166.0,1762.0,139.0,2009-03-16,Europe
2009,13,172.0,56.0,116.0,1583.0,105.0,2009-03-23,Europe
2009,14,126.0,24.0,102.0,1310.0,98.0,2009-03-30,Europe
2009,15,66.0,9.0,57.0,1112.0,57.0,2009-04-06,Europe
2009,16,62.0,17.0,45.0,1523.0,31.0,2009-04-13,Europe
2009,17,37.0,4.0,33.0,774.0,35.0,2009-04-20,Europe
2009,18,103.0,51.0,52.0,1777.0,67.0,2009-04-27,Europe
2009,19,74.0,39.0,35.0,1404.0,192.0,2009-05-04,Europe
2009,20,48.0,28.0,20.0,1447.0,98.0,2009-05-11,Europe
2009,21,56.0,34.0,22.0,915.0,124.0,2009-05-18,Europe
2009,22,72.0,61.0,11.0,1196.0,64.0,2009-05-25,Europe
2009,23,136.0,121.0,15.0,981.0,74.0,2009-06-01,Europe
2009,24,155.0,145.0,10.0,994.0,54.0,2009-06-08,Europe
2009,25,299.0,279.0,20.0,1542.0,695.0,2009-06-15,Europe
2009,26,257.0,250.0,7.0,1148.0,533.0,2009-06-22,Europe
2009,27,348.0,344.0,4.0,1542.0,630.0,2009-06-29,Europe
2009,28,620.0,618.0,2.0,2365.0,890.0,2009-07-06,Europe
2009,29,1219.0,1217.0,2.0,3652.0,1593.0,2009-07-13,Europe
2009,30,1621.0,1620.0,1.0,5673.0,2029.0,2009-07-20,Europe
2009,31,1515.0,1513.0,2.0,6838.0,2511.0,2009-07-27,Europe
2009,32,1050.0,1049.0,1.0,5610.0,1916.0,2009-08-03,Europe
2009,33,908.0,907.0,1.0,5282.0,1642.0,2009-08-10,Europe
2009,34,779.0,778.0,1.0,5033.0,1950.0,2009-08-17,Europe
2009,35,698.0,698.0,0.0,6640.0,1439.0,2009-08-24,Europe
2009,36,711.0,711.0,0.0,7515.0,1521.0,2009-08-31,Europe
2009,37,679.0,678.0,1.0,8422.0,1289.0,2009-09-07,Europe
2009,38,720.0,720.0,0.0,7702.0,1229.0,2009-09-14,Europe
2009,39,854.0,850.0,4.0,8263.0,2963.0,2009-09-21,Europe
2009,40,1000.0,992.0,8.0,8138.0,4175.0,2009-09-28,Europe
2009,41,1404.0,1392.0,12.0,7786.0,4068.0,2009-10-05,Europe
2009,42,2060.0,2053.0,7.0,7873.0,3878.0,2009-10-12,Europe
2009,43,4305.0,4304.0,1.0,11030.0,5610.0,2009-10-19,Europe
2009,44,7483.0,7478.0,5.0,15573.0,8883.0,2009-10-26,Europe
2009,45,9730.0,9717.0,13.0,19813.0,10690.0,2009-11-02,Europe
2009,46,12218.0,12213.0,5.0,25171.0,13545.0,2009-11-09,Europe
2009,47,12691.0,12680.0,11.0,26431.0,13173.0,2009-11-16,Europe
2009,48,11197.0,11186.0,11.0,24655.0,13317.0,2009-11-23,Europe
2009,49,7867.0,7863.0,4.0,20133.0,11378.0,2009-11-30,Europe
2009,50,5192.0,5190.0,2.0,15197.0,8300.0,2009-12-07,Europe
2009,51,3373.0,3372.0,1.0,10968.0,6298.0,2009-12-14,Europe
2009,52,2297.0,2296.0,1.0,8357.0,4987.0,2009-12-21,Europe
2009,53,1546.0,1544.0,2.0,6800.0,4519.0,2009-12-28,Europe
2010,1,1432.0,1431.0,1.0,7012.0,4486.0,2010-01-04,Europe
2010,2,902.0,900.0,2.0,6198.0,4313.0,2010-01-11,Europe
2010,3,531.0,525.0,6.0,5221.0,3489.0,2010-01-18,Europe
2010,4,248.0,248.0,0.0,4400.0,2769.0,2010-01-25,Europe
2010,5,211.0,204.0,7.0,4078.0,2385.0,2010-02-01,Europe
2010,6,187.0,169.0,18.0,3756.0,2091.0,2010-02-08,Europe
2010,7,114.0,107.0,7.0,3299.0,1801.0,2010-02-15,Europe
2010,8,76.0,70.0,6.0,3090.0,1756.0,2010-02-22,Europe
2010,9,153.0,136.0,17.0,2988.0,1406.0,2010-03-01,Europe
2010,10,148.0,125.0,23.0,2723.0,1375.0,2010-03-08,Europe
2010,11,70.0,49.0,21.0,2603.0,1267.0,2010-03-15,Europe
2010,12,66.0,34.0,32.0,2338.0,1127.0,2010-03-22,Europe
2010,13,41.0,17.0,24.0,1993.0,898.0,2010-03-29,Europe
2010,14,37.0,9.0,28.0,1546.0,712.0,2010-04-05,Europe
2010,15,35.0,10.0,25.0,1682.0,779.0,2010-04-12,Europe
2010,16,37.0,12.0,25.0,1652.0,717.0,2010-04-19,Europe
2010,17,36.0,12.0,24.0,1389.0,561.0,2010-04-26,Europe
2010,18,28.0,5.0,23.0,987.0,263.0,2010-05-03,Europe
2010,19,29.0,4.0,25.0,858.0,188.0,2010-05-10,Europe
2010,20,21.0,4.0,17.0,998.0,220.0,2010-05-17,Europe
2010,21,28.0,2.0,26.0,2060.0,1590.0,2010-05-24,Europe
2010,22,18.0,1.0,17.0,643.0,174.0,2010-05-31,Europe
2010,23,14.0,5.0,9.0,635.0,138.0,2010-06-07,Europe
2010,24,11.0,1.0,10.0,568.0,156.0,2010-06-14,Europe
2010,25,7.0,3.0,4.0,564.0,145.0,2010-06-21,Europe
2010,26,5.0,1.0,4.0,2271.0,1914.0,2010-06-28,Europe
2010,27,8.0,1.0,7.0,393.0,111.0,2010-07-05,Europe
2010,28,4.0,0.0,4.0,155.0,72.0,2010-07-12,Europe
2010,29,2.0,0.0,2.0,136.0,75.0,2010-07-19,Europe
2010,30,7.0,5.0,2.0,1385.0,1167.0,2010-07-26,Europe
2010,31,3.0,0.0,3.0,325.0,82.0,2010-08-02,Europe
2010,32,1.0,0.0,1.0,313.0,99.0,2010-08-09,Europe
2010,33,4.0,4.0,0.0,301.0,78.0,2010-08-16,Europe
2010,34,3.0,2.0,1.0,380.0,125.0,2010-08-23,Europe
2010,35,5.0,3.0,2.0,1649.0,1344.0,2010-08-30,Europe
2010,36,3.0,1.0,2.0,844.0,490.0,2010-09-06,Europe
2010,37,5.0,1.0,4.0,921.0,339.0,2010-09-13,Europe
2010,38,4.0,4.0,0.0,1088.0,552.0,2010-09-20,Europe
2010,39,6.0,6.0,0.0,1140.0,496.0,2010-09-27,Europe
2010,40,6.0,2.0,4.0,1048.0,561.0,2010-10-04,Europe
2010,41,12.0,6.0,6.0,1587.0,541.0,2010-10-11,Europe
2010,42,12.0,10.0,2.0,1701.0,581.0,2010-10-18,Europe
2010,43,20.0,11.0,9.0,1838.0,529.0,2010-10-25,Europe
2010,44,26.0,14.0,12.0,1695.0,454.0,2010-11-01,Europe
2010,45,37.0,26.0,11.0,1747.0,439.0,2010-11-08,Europe
2010,46,42.0,21.0,21.0,2266.0,727.0,2010-11-15,Europe
2010,47,77.0,40.0,37.0,2592.0,841.0,2010-11-22,Europe
2010,48,172.0,90.0,82.0,3120.0,844.0,2010-11-29,Europe
2010,49,284.0,175.0,109.0,3355.0,1030.0,2010-12-06,Europe
2010,50,665.0,412.0,253.0,4042.0,1110.0,2010-12-13,Europe
2010,51,1187.0,805.0,382.0,4725.0,1264.0,2010-12-20,Europe
2010,52,2077.0,1560.0,517.0,6443.0,1485.0,2010-12-27,Europe
2011,1,3271.0,2376.0,895.0,9179.0,2280.0,2011-01-03,Europe
2011,2,3690.0,2708.0,982.0,10578.0,3297.0,2011-01-10,Europe
2011,3,4096.0,2918.0,1178.0,11686.0,4529.0,2011-01-17,Europe
2011,4,4931.0,3609.0,1322.0,11746.0,4961.0,2011-01-24,Europe
2011,5,4846.0,3307.0,1539.0,12462.0,5794.0,2011-01-31,Europe
2011,6,4840.0,3294.0,1546.0,12603.0,6389.0,2011-02-07,Europe
2011,7,3764.0,2467.0,1297.0,11248.0,5731.0,2011-02-14,Europe
2011,8,2477.0,1386.0,1091.0,9424.0,4621.0,2011-02-21,Europe
2011,9,1736.0,907.0,829.0,7546.0,3464.0,2011-02-28,Europe
2011,10,1195.0,544.0,651.0,6641.0,2838.0,2011-03-07,Europe
2011,11,816.0,349.0,467.0,5784.0,2443.0,2011-03-14,Europe
2011,12,538.0,217.0,321.0,4384.0,1698.0,2011-03-21,Europe
2011,13,356.0,123.0,233.0,3976.0,1556.0,2011-03-28,Europe
2011,14,224.0,100.0,124.0,3353.0,1105.0,2011-04-04,Europe
2011,15,103.0,34.0,69.0,2786.0,861.0,2011-04-11,Europe
2011,16,39.0,18.0,21.0,1998.0,726.0,2011-04-18,Europe
2011,17,25.0,15.0,10.0,1889.0,644.0,2011-04-25,Europe
2011,18,20.0,11.0,9.0,1587.0,476.0,2011-05-02,Europe
2011,19,14.0,6.0,8.0,1536.0,461.0,2011-05-09,Europe
2011,20,4.0,3.0,1.0,1322.0,314.0,2011-05-16,Europe
2011,21,4.0,4.0,0.0,1069.0,573.0,2011-05-23,Europe
2011,22,4.0,3.0,1.0,781.0,329.0,2011-05-30,Europe
2011,23,1.0,1.0,0.0,743.0,263.0,2011-06-06,Europe
2011,24,5.0,2.0,3.0,680.0,319.0,2011-06-13,Europe
2011,25,1.0,1.0,0.0,678.0,297.0,2011-06-20,Europe
2011,26,5.0,4.0,1.0,767.0,464.0,2011-06-27,Europe
2011,27,0.0,0.0,0.0,692.0,353.0,2011-07-04,Europe
2011,28,1.0,1.0,0.0,467.0,234.0,2011-07-11,Europe
2011,29,3.0,2.0,1.0,522.0,250.0,2011-07-18,Europe
2011,30,3.0,3.0,0.0,520.0,243.0,2011-07-25,Europe
2011,31,5.0,3.0,2.0,457.0,141.0,2011-08-01,Europe
2011,32,1.0,0.0,1.0,409.0,130.0,2011-08-08,Europe
2011,33,2.0,1.0,1.0,339.0,118.0,2011-08-15,Europe
2011,34,0.0,0.0,0.0,411.0,137.0,2011-08-22,Europe
2011,35,2.0,1.0,1.0,447.0,187.0,2011-08-29,Europe
2011,36,2.0,2.0,0.0,574.0,268.0,2011-09-05,Europe
2011,37,5.0,1.0,4.0,771.0,311.0,2011-09-12,Europe
2011,38,1.0,1.0,0.0,966.0,410.0,2011-09-19,Europe
2011,39,3.0,1.0,2.0,1034.0,449.0,2011-09-26,Europe
2011,40,6.0,5.0,1.0,1605.0,489.0,2011-10-03,Europe
2011,41,5.0,3.0,2.0,1959.0,482.0,2011-10-10,Europe
2011,42,7.0,3.0,4.0,2192.0,472.0,2011-10-17,Europe
2011,43,13.0,10.0,3.0,2481.0,514.0,2011-10-24,Europe
2011,44,15.0,14.0,1.0,2583.0,539.0,2011-10-31,Europe
2011,45,8.0,3.0,5.0,2647.0,535.0,2011-11-07,Europe
2011,46,33.0,29.0,4.0,3171.0,796.0,2011-11-14,Europe
2011,47,28.0,22.0,6.0,3451.0,882.0,2011-11-21,Europe
2011,48,51.0,46.0,5.0,3860.0,1006.0,2011-11-28,Europe
2011,49,64.0,62.0,2.0,3803.0,1069.0,2011-12-05,Europe
2011,50,122.0,113.0,9.0,4065.0,1170.0,2011-12-12,Europe
2011,51,203.0,199.0,4.0,4437.0,1385.0,2011-12-19,Europe
2011,52,279.0,268.0,11.0,4073.0,1329.0,2011-12-26,Europe
2012,1,312.0,297.0,15.0,4777.0,1337.0,2012-01-02,Europe
2012,2,494.0,472.0,22.0,5233.0,1380.0,2012-01-09,Europe
2012,3,812.0,793.0,19.0,5481.0,1679.0,2012-01-16,Europe
2012,4,1294.0,1239.0,55.0,6185.0,1900.0,2012-01-23,Europe
2012,5,1821.0,1718.0,103.0,6912.0,1889.0,2012-01-30,Europe
2012,6,2482.0,2395.0,87.0,7830.0,2098.0,2012-02-06,Europe
2012,7,3297.0,3144.0,153.0,9097.0,2243.0,2012-02-13,Europe
2012,8,3941.0,3739.0,202.0,10336.0,2428.0,2012-02-20,Europe
2012,9,3823.0,3649.0,174.0,11021.0,2648.0,2012-02-27,Europe
2012,10,2759.0,2571.0,188.0,8981.0,2140.0,2012-03-05,Europe
2012,11,2261.0,2042.0,219.0,8227.0,1725.0,2012-03-12,Europe
2012,12,1676.0,1487.0,189.0,7044.0,1485.0,2012-03-19,Europe
2012,13,1084.0,921.0,163.0,5545.0,1216.0,2012-03-26,Europe
2012,14,589.0,488.0,101.0,4104.0,952.0,2012-04-02,Europe
2012,15,472.0,371.0,101.0,3671.0,760.0,2012-04-09,Europe
2012,16,273.0,192.0,81.0,3114.0,547.0,2012-04-16,Europe
2012,17,220.0,147.0,73.0,2719.0,436.0,2012-04-23,Europe
2012,18,142.0,87.0,55.0,2402.0,544.0,2012-04-30,Europe
2012,19,97.0,52.0,45.0,2284.0,387.0,2012-05-07,Europe
2012,20,57.0,21.0,36.0,1838.0,314.0,2012-05-14,Europe
2012,21,32.0,17.0,15.0,1185.0,283.0,2012-05-21,Europe
2012,22,17.0,7.0,10.0,1157.0,289.0,2012-05-28,Europe
2012,23,25.0,4.0,21.0,1113.0,298.0,2012-06-04,Europe
2012,24,13.0,4.0,9.0,933.0,317.0,2012-06-11,Europe
2012,25,11.0,5.0,6.0,1008.0,349.0,2012-06-18,Europe
2012,26,7.0,2.0,5.0,814.0,314.0,2012-06-25,Europe
2012,27,9.0,2.0,7.0,755.0,260.0,2012-07-02,Europe
2012,28,7.0,2.0,5.0,618.0,250.0,2012-07-09,Europe
2012,29,8.0,2.0,6.0,639.0,239.0,2012-07-16,Europe
2012,30,9.0,5.0,4.0,600.0,190.0,2012-07-23,Europe
2012,31,1.0,0.0,1.0,570.0,174.0,2012-07-30,Europe
2012,32,5.0,2.0,3.0,503.0,181.0,2012-08-06,Europe
2012,33,2.0,2.0,0.0,510.0,167.0,2012-08-13,Europe
2012,34,2.0,2.0,0.0,440.0,144.0,2012-08-20,Europe
2012,35,2.0,1.0,1.0,397.0,181.0,2012-08-27,Europe
2012,36,1.0,1.0,0.0,358.0,231.0,2012-09-03,Europe
2012,37,5.0,1.0,4.0,551.0,365.0,2012-09-10,Europe
2012,38,5.0,2.0,3.0,998.0,441.0,2012-09-17,Europe
2012,39,17.0,6.0,11.0,1175.0,435.0,2012-09-24,Europe
2012,40,7.0,6.0,1.0,2211.0,44.0,2012-10-01,Europe
2012,41,19.0,13.0,6.0,2479.0,64.0,2012-10-08,Europe
2012,42,33.0,23.0,10.0,2738.0,79.0,2012-10-15,Europe
2012,43,34.0,28.0,6.0,2950.0,93.0,2012-10-22,Europe
2012,44,53.0,41.0,12.0,3348.0,76.0,2012-10-29,Europe
2012,45,92.0,54.0,38.0,3584.0,64.0,2012-11-05,Europe
2012,46,88.0,45.0,43.0,3747.0,116.0,2012-11-12,Europe
2012,47,100.0,50.0,50.0,4155.0,149.0,2012-11-19,Europe
2012,48,144.0,79.0,65.0,4586.0,182.0,2012-11-26,Europe
2012,49,267.0,158.0,109.0,4988.0,191.0,2012-12-03,Europe
2012,50,577.0,373.0,204.0,5998.0,222.0,2012-12-10,Europe
2012,51,1120.0,798.0,322.0,6881.0,257.0,2012-12-17,Europe
2012,52,1418.0,1027.0,391.0,6127.0,178.0,2012-12-24,Europe
2013,1,2852.0,2150.0,702.0,10240.0,366.0,2012-12-31,Europe
2013,2,3454.0,2667.0,787.0,13139.0,1215.0,2013-01-07,Europe
2013,3,3505.0,2539.0,966.0,12277.0,1333.0,2013-01-14,Europe
2013,4,4504.0,2924.0,1580.0,13326.0,1162.0,2013-01-21,Europe
2013,5,5450.0,3350.0,2100.0,14224.0,632.0,2013-01-28,Europe
2013,6,5784.0,3387.0,2397.0,14430.0,968.0,2013-02-04,Europe
2013,7,5723.0,3105.0,2618.0,15164.0,948.0,2013-02-11,Europe
2013,8,5193.0,2676.0,2517.0,14234.0,855.0,2013-02-18,Europe
2013,9,4646.0,2333.0,2313.0,13024.0,819.0,2013-02-25,Europe
2013,10,3864.0,1839.0,2025.0,11915.0,805.0,2013-03-04,Europe
2013,11,3052.0,1317.0,1735.0,10057.0,739.0,2013-03-11,Europe
2013,12,2310.0,937.0,1373.0,9075.0,671.0,2013-03-18,Europe
2013,13,1542.0,621.0,921.0,6680.0,397.0,2013-03-25,Europe
2013,14,1200.0,455.0,745.0,6195.0,353.0,2013-04-01,Europe
2013,15,1047.0,417.0,630.0,5882.0,292.0,2013-04-08,Europe
2013,16,572.0,202.0,370.0,4692.0,164.0,2013-04-15,Europe
2013,17,310.0,97.0,213.0,4187.0,189.0,2013-04-22,Europe
2013,18,176.0,64.0,112.0,3297.0,49.0,2013-04-29,Europe
2013,19,104.0,47.0,57.0,2715.0,58.0,2013-05-06,Europe
2013,20,59.0,25.0,34.0,2686.0,41.0,2013-05-13,Europe
2013,21,29.0,13.0,16.0,1628.0,37.0,2013-05-20,Europe
2013,22,12.0,3.0,9.0,1366.0,29.0,2013-05-27,Europe
2013,23,16.0,12.0,4.0,1486.0,42.0,2013-06-03,Europe
2013,24,8.0,6.0,2.0,1187.0,32.0,2013-06-10,Europe
2013,25,11.0,7.0,4.0,1146.0,25.0,2013-06-17,Europe
2013,26,6.0,6.0,0.0,972.0,30.0,2013-06-24,Europe
2013,27,12.0,11.0,1.0,920.0,24.0,2013-07-01,Europe
2013,28,4.0,4.0,0.0,828.0,34.0,2013-07-08,Europe
2013,29,3.0,2.0,1.0,895.0,21.0,2013-07-15,Europe
2013,30,7.0,6.0,1.0,937.0,23.0,2013-07-22,Europe
2013,31,4.0,4.0,0.0,670.0,15.0,2013-07-29,Europe
2013,32,5.0,3.0,2.0,622.0,10.0,2013-08-05,Europe
2013,33,2.0,1.0,1.0,525.0,14.0,2013-08-12,Europe
2013,34,3.0,2.0,1.0,530.0,14.0,2013-08-19,Europe
2013,35,1.0,1.0,0.0,383.0,13.0,2013-08-26,Europe
2013,36,9.0,8.0,1.0,709.0,16.0,2013-09-02,Europe
2013,37,4.0,4.0,0.0,902.0,28.0,2013-09-09,Europe
2013,38,5.0,2.0,3.0,1232.0,47.0,2013-09-16,Europe
2013,39,5.0,3.0,2.0,1417.0,43.0,2013-09-23,Europe
2013,40,14.0,11.0,3.0,2691.0,2.0,2013-09-30,Europe
2013,41,15.0,12.0,3.0,3063.0,10.0,2013-10-07,Europe
2013,42,16.0,15.0,1.0,3301.0,9.0,2013-10-14,Europe
2013,43,31.0,27.0,4.0,3651.0,13.0,2013-10-21,Europe
2013,44,44.0,40.0,4.0,3295.0,6.0,2013-10-28,Europe
2013,45,50.0,41.0,9.0,3617.0,13.0,2013-11-04,Europe
2013,46,32.0,28.0,4.0,3902.0,20.0,2013-11-11,Europe
2013,47,28.0,19.0,9.0,4160.0,10.0,2013-11-18,Europe
2013,48,67.0,57.0,10.0,4401.0,17.0,2013-11-25,Europe
2013,49,86.0,73.0,13.0,4859.0,18.0,2013-12-02,Europe
2013,50,176.0,161.0,15.0,4915.0,16.0,2013-12-09,Europe
2013,51,363.0,338.0,25.0,5760.0,0.0,2013-12-16,Europe
2013,52,427.0,413.0,14.0,4994.0,11.0,2013-12-23,Europe
2014,1,666.0,649.0,17.0,6091.0,0.0,2013-12-30,Europe
2014,2,1111.0,1087.0,24.0,7286.0,22.0,2014-01-06,Europe
2014,3,1929.0,1904.0,25.0,8223.0,37.0,2014-01-13,Europe
2014,4,2386.0,2334.0,52.0,9133.0,31.0,2014-01-20,Europe
2014,5,2517.0,2475.0,42.0,9591.0,16.0,2014-01-27,Europe
2014,6,2916.0,2861.0,55.0,10654.0,50.0,2014-02-03,Europe
2014,7,3092.0,3029.0,63.0,11610.0,41.0,2014-02-10,Europe
2014,8,3094.0,3041.0,53.0,11949.0,44.0,2014-02-17,Europe
2014,9,2743.0,2664.0,79.0,11694.0,71.0,2014-02-24,Europe
2014,10,2395.0,2327.0,68.0,10985.0,76.0,2014-03-03,Europe
2014,11,2034.0,1953.0,81.0,10006.0,80.0,2014-03-10,Europe
2014,12,1616.0,1525.0,91.0,9035.0,85.0,2014-03-17,Europe
2014,13,1158.0,1071.0,87.0,7627.0,75.0,2014-03-24,Europe
2014,14,1039.0,952.0,87.0,7088.0,56.0,2014-03-31,Europe
2014,15,847.0,753.0,94.0,6453.0,35.0,2014-04-07,Europe
2014,16,420.0,366.0,54.0,4459.0,24.0,2014-04-14,Europe
2014,17,334.0,284.0,50.0,4537.0,9.0,2014-04-21,Europe
2014,18,217.0,179.0,38.0,3814.0,8.0,2014-04-28,Europe
2014,19,210.0,172.0,38.0,3667.0,6.0,2014-05-05,Europe
2014,20,187.0,156.0,31.0,3517.0,0.0,2014-05-12,Europe
2014,21,143.0,119.0,24.0,2752.0,25.0,2014-05-19,Europe
2014,22,62.0,53.0,9.0,2084.0,0.0,2014-05-26,Europe
2014,23,44.0,28.0,16.0,1811.0,0.0,2014-06-02,Europe
2014,24,29.0,20.0,9.0,1580.0,0.0,2014-06-09,Europe
2014,25,27.0,16.0,11.0,1450.0,0.0,2014-06-16,Europe
2014,26,12.0,11.0,1.0,1395.0,0.0,2014-06-23,Europe
2014,27,9.0,3.0,6.0,980.0,19.0,2014-06-30,Europe
2014,28,5.0,3.0,2.0,607.0,0.0,2014-07-07,Europe
2014,29,8.0,6.0,2.0,402.0,0.0,2014-07-14,Europe
2014,30,7.0,5.0,2.0,531.0,0.0,2014-07-21,Europe
2014,31,11.0,4.0,7.0,396.0,0.0,2014-07-28,Europe
2014,32,2.0,2.0,0.0,504.0,0.0,2014-08-04,Europe
2014,33,7.0,6.0,1.0,536.0,0.0,2014-08-11,Europe
2014,34,11.0,9.0,2.0,578.0,0.0,2014-08-18,Europe
2014,35,4.0,2.0,2.0,427.0,0.0,2014-08-25,Europe
2014,36,7.0,5.0,2.0,542.0,0.0,2014-09-01,Europe
2014,37,17.0,11.0,6.0,917.0,0.0,2014-09-08,Europe
2014,38,9.0,5.0,4.0,1019.0,0.0,2014-09-15,Europe
2014,39,8.0,5.0,3.0,1160.0,0.0,2014-09-22,Europe
2014,40,17.0,14.0,3.0,2860.0,1.0,2014-09-29,Europe
2014,41,23.0,19.0,4.0,3658.0,4.0,2014-10-06,Europe
2014,42,25.0,22.0,3.0,3936.0,5.0,2014-10-13,Europe
2014,43,58.0,39.0,19.0,4039.0,2.0,2014-10-20,Europe
2014,44,18.0,14.0,4.0,3981.0,58.0,2014-10-27,Europe
2014,45,37.0,30.0,7.0,4466.0,45.0,2014-11-03,Europe
2014,46,53.0,40.0,13.0,4672.0,6.0,2014-11-10,Europe
2014,47,66.0,50.0,16.0,4994.0,16.0,2014-11-17,Europe
2014,48,130.0,68.0,62.0,5464.0,6.0,2014-11-24,Europe
2014,49,151.0,117.0,34.0,6314.0,12.0,2014-12-01,Europe
2014,50,264.0,192.0,72.0,7053.0,9.0,2014-12-08,Europe
2014,51,556.0,435.0,121.0,7858.0,21.0,2014-12-15,Europe
2014,52,574.0,447.0,127.0,6144.0,4.0,2014-12-22,Europe
2015,1,1068.0,841.0,227.0,7340.0,2.0,2014-12-29,Europe
2015,2,2099.0,1670.0,429.0,10471.0,21.0,2015-01-05,Europe
2015,3,3245.0,2669.0,576.0,11748.0,20.0,2015-01-12,Europe
2015,4,4417.0,3699.0,718.0,13341.0,38.0,2015-01-19,Europe
2015,5,6016.0,4978.0,1038.0,15179.0,57.0,2015-01-26,Europe
2015,6,7816.0,6469.0,1347.0,17705.0,77.0,2015-02-02,Europe
2015,7,9142.0,7424.0,1718.0,20537.0,93.0,2015-02-09,Europe
2015,8,9523.0,7325.0,2198.0,20694.0,102.0,2015-02-16,Europe
2015,9,8094.0,5579.0,2515.0,19934.0,74.0,2015-02-23,Europe
2015,10,5830.0,3662.0,2168.0,16861.0,125.0,2015-03-02,Europe
2015,11,4490.0,2505.0,1985.0,14413.0,120.0,2015-03-09,Europe
2015,12,3245.0,1533.0,1712.0,11984.0,100.0,2015-03-16,Europe
2015,13,2503.0,996.0,1507.0,10602.0,103.0,2015-03-23,Europe
2015,14,1729.0,633.0,1096.0,7768.0,28.0,2015-03-30,Europe
2015,15,1418.0,493.0,925.0,6700.0,56.0,2015-04-06,Europe
2015,16,902.0,276.0,626.0,5392.0,18.0,2015-04-13,Europe
2015,17,665.0,167.0,498.0,4433.0,72.0,2015-04-20,Europe
2015,18,418.0,118.0,300.0,3370.0,25.0,2015-04-27,Europe
2015,19,379.0,105.0,274.0,3627.0,5.0,2015-05-04,Europe
2015,20,195.0,34.0,161.0,3006.0,0.0,2015-05-11,Europe
2015,21,155.0,38.0,117.0,2243.0,6.0,2015-05-18,Europe
2015,22,94.0,24.0,70.0,1840.0,6.0,2015-05-25,Europe
2015,23,73.0,32.0,41.0,1736.0,0.0,2015-06-01,Europe
2015,24,58.0,23.0,35.0,1496.0,0.0,2015-06-08,Europe
2015,25,39.0,17.0,22.0,1267.0,0.0,2015-06-15,Europe
2015,26,30.0,16.0,14.0,1025.0,0.0,2015-06-22,Europe
2015,27,24.0,15.0,9.0,947.0,0.0,2015-06-29,Europe
2015,28,12.0,6.0,6.0,558.0,0.0,2015-07-06,Europe
2015,29,7.0,3.0,4.0,366.0,0.0,2015-07-13,Europe
2015,30,16.0,11.0,5.0,724.0,0.0,2015-07-20,Europe
2015,31,12.0,9.0,3.0,662.0,0.0,2015-07-27,Europe
2015,32,11.0,7.0,4.0,527.0,0.0,2015-08-03,Europe
2015,33,5.0,5.0,0.0,359.0,0.0,2015-08-10,Europe
2015,34,5.0,5.0,0.0,353.0,0.0,2015-08-17,Europe
2015,35,7.0,7.0,0.0,499.0,0.0,2015-08-24,Europe
2015,36,7.0,5.0,2.0,503.0,0.0,2015-08-31,Europe
2015,37,5.0,2.0,3.0,464.0,0.0,2015-09-07,Europe
2015,38,8.0,4.0,4.0,600.0,0.0,2015-09-14,Europe
2015,39,9.0,4.0,5.0,473.0,0.0,2015-09-21,Europe
2015,40,21.0,18.0,3.0,3100.0,0.0,2015-09-28,Europe
2015,41,41.0,36.0,5.0,3699.0,2.0,2015-10-05,Europe
2015,42,28.0,23.0,5.0,4119.0,4.0,2015-10-12,Europe
2015,43,23.0,16.0,7.0,4523.0,10.0,2015-10-19,Europe
2015,44,49.0,38.0,11.0,4701.0,4.0,2015-10-26,Europe
2015,45,64.0,50.0,14.0,5006.0,6.0,2015-11-02,Europe
2015,46,102.0,80.0,22.0,5080.0,3.0,2015-11-09,Europe
2015,47,145.0,117.0,28.0,5705.0,3.0,2015-11-16,Europe
2015,48,167.0,141.0,26.0,6158.0,8.0,2015-11-23,Europe
2015,49,282.0,236.0,46.0,6711.0,2.0,2015-11-30,Europe
2015,50,363.0,301.0,62.0,7467.0,10.0,2015-12-07,Europe
2015,51,574.0,477.0,97.0,8605.0,11.0,2015-12-14,Europe
2015,52,699.0,617.0,82.0,7055.0,16.0,2015-12-21,Europe
2015,53,782.0,672.0,110.0,7524.0,26.0,2015-12-28,Europe
2016,1,1264.0,1048.0,216.0,11084.0,20.0,2016-01-04,Europe
2016,2,1697.0,1447.0,250.0,11496.0,7.0,2016-01-11,Europe
2016,3,2611.0,2170.0,441.0,12296.0,27.0,2016-01-18,Europe
2016,4,4600.0,3628.0,972.0,15996.0,92.0,2016-01-25,Europe
2016,5,5975.0,4486.0,1489.0,18976.0,135.0,2016-02-01,Europe
2016,6,6976.0,4948.0,2028.0,21013.0,175.0,2016-02-08,Europe
2016,7,6882.0,4527.0,2355.0,21252.0,177.0,2016-02-15,Europe
2016,8,7342.0,4337.0,3005.0,21296.0,151.0,2016-02-22,Europe
2016,9,6640.0,3573.0,3067.0,20320.0,94.0,2016-02-29,Europe
2016,10,6271.0,3066.0,3205.0,18737.0,140.0,2016-03-07,Europe
2016,11,5707.0,2474.0,3233.0,17134.0,0.0,2016-03-14,Europe
2016,12,4187.0,1601.0,2586.0,13653.0,125.0,2016-03-21,Europe
2016,13,3261.0,1206.0,2055.0,12463.0,87.0,2016-03-28,Europe
2016,14,2422.0,900.0,1522.0,11369.0,58.0,2016-04-04,Europe
2016,15,1475.0,519.0,956.0,9259.0,55.0,2016-04-11,Europe
2016,16,970.0,294.0,676.0,7895.0,29.0,2016-04-18,Europe
2016,17,616.0,145.0,471.0,6507.0,30.0,2016-04-25,Europe
2016,18,436.0,120.0,316.0,4864.0,20.0,2016-05-02,Europe
2016,19,342.0,77.0,265.0,4546.0,19.0,2016-05-09,Europe
2016,20,182.0,34.0,148.0,3731.0,7.0,2016-05-16,Europe
2016,21,137.0,36.0,101.0,2806.0,10.0,2016-05-23,Europe
2016,22,95.0,27.0,68.0,2384.0,4.0,2016-05-30,Europe
2016,23,39.0,14.0,25.0,1229.0,1.0,2016-06-06,Europe
2016,24,35.0,16.0,19.0,1284.0,4.0,2016-06-13,Europe
2016,25,28.0,12.0,16.0,1052.0,3.0,2016-06-20,Europe
2016,26,12.0,4.0,8.0,582.0,0.0,2016-06-27,Europe
2016,27,19.0,9.0,10.0,750.0,0.0,2016-07-04,Europe
2016,28,13.0,6.0,7.0,718.0,0.0,2016-07-11,Europe
2016,29,13.0,10.0,3.0,825.0,0.0,2016-07-18,Europe
2016,30,7.0,6.0,1.0,540.0,0.0,2016-07-25,Europe
2016,31,16.0,11.0,5.0,566.0,0.0,2016-08-01,Europe
2016,32,13.0,11.0,2.0,626.0,0.0,2016-08-08,Europe
2016,33,15.0,12.0,3.0,561.0,0.0,2016-08-15,Europe
2016,34,22.0,13.0,9.0,1028.0,0.0,2016-08-22,Europe
2016,35,13.0,12.0,1.0,680.0,0.0,2016-08-29,Europe
2016,36,17.0,15.0,2.0,731.0,0.0,2016-09-05,Europe
2016,37,22.0,17.0,5.0,1051.0,0.0,2016-09-12,Europe
2016,38,13.0,10.0,3.0,1010.0,0.0,2016-09-19,Europe
2016,39,19.0,18.0,1.0,885.0,0.0,2016-09-26,Europe
2016,40,50.0,43.0,7.0,4763.0,0.0,2016-10-03,Europe
2016,41,44.0,41.0,3.0,5135.0,0.0,2016-10-10,Europe
2016,42,70.0,66.0,4.0,6019.0,5.0,2016-10-17,Europe
2016,43,98.0,91.0,7.0,6081.0,0.0,2016-10-24,Europe
2016,44,153.0,142.0,11.0,6456.0,0.0,2016-10-31,Europe
2016,45,251.0,240.0,11.0,6950.0,0.0,2016-11-07,Europe
2016,46,485.0,471.0,14.0,8280.0,0.0,2016-11-14,Europe
2016,47,826.0,795.0,31.0,9406.0,0.0,2016-11-21,Europe
2016,48,1384.0,1345.0,39.0,10817.0,0.0,2016-11-28,Europe
2016,49,2693.0,2630.0,63.0,13913.0,0.0,2016-12-05,Europe
2016,50,4579.0,4505.0,74.0,17687.0,0.0,2016-12-12,Europe
2016,51,7472.0,7386.0,86.0,21820.0,0.0,2016-12-19,Europe
2016,52,9643.0,9549.0,94.0,23322.0,0.0,2016-12-26,Europe
2017,1,9517.0,9396.0,121.0,27916.0,0.0,2017-01-02,Europe
2017,2,8717.0,8616.0,101.0,27342.0,0.0,2017-01-09,Europe
2017,3,7630.0,7512.0,118.0,24672.0,0.0,2017-01-16,Europe
2017,4,7526.0,7396.0,130.0,23834.0,0.0,2017-01-23,Europe
2017,5,6936.0,6780.0,156.0,23290.0,0.0,2017-01-30,Europe
2017,6,5286.0,5115.0,171.0,20748.0,0.0,2017-02-06,Europe
2017,7,4137.0,3945.0,192.0,18166.0,0.0,2017-02-13,Europe
2017,8,3399.0,3140.0,259.0,17294.0,0.0,2017-02-20,Europe
2017,9,2236.0,1979.0,257.0,14349.0,0.0,2017-02-27,Europe
2017,10,1580.0,1302.0,278.0,12935.0,0.0,2017-03-06,Europe
2017,11,1249.0,965.0,284.0,10997.0,0.0,2017-03-13,Europe
2017,12,950.0,630.0,320.0,9713.0,0.0,2017-03-20,Europe
2017,13,823.0,460.0,363.0,9101.0,0.0,2017-03-27,Europe
2017,14,683.0,328.0,355.0,7976.0,0.0,2017-04-03,Europe
2017,15,437.0,165.0,272.0,5196.0,0.0,2017-04-10,Europe
2017,16,388.0,124.0,264.0,5184.0,0.0,2017-04-17,Europe
2017,17,375.0,79.0,296.0,5482.0,0.0,2017-04-24,Europe
2017,18,304.0,45.0,259.0,4349.0,0.0,2017-05-01,Europe
2017,19,418.0,43.0,375.0,4876.0,0.0,2017-05-08,Europe
2017,20,417.0,40.0,377.0,4453.0,0.0,2017-05-15,Europe
2017,21,360.0,35.0,325.0,3632.0,0.0,2017-05-22,Europe
2017,22,215.0,18.0,197.0,3670.0,0.0,2017-05-29,Europe
2017,23,113.0,9.0,104.0,2584.0,0.0,2017-06-05,Europe
2017,24,81.0,19.0,62.0,2512.0,0.0,2017-06-12,Europe
2017,25,65.0,17.0,48.0,2020.0,0.0,2017-06-19,Europe
2017,26,33.0,13.0,20.0,1597.0,0.0,2017-06-26,Europe
2017,27,38.0,20.0,18.0,1544.0,0.0,2017-07-03,Europe
2017,28,27.0,19.0,8.0,1578.0,0.0,2017-07-10,Europe
2017,29,23.0,12.0,11.0,1151.0,0.0,2017-07-17,Europe
2017,30,22.0,17.0,5.0,872.0,0.0,2017-07-24,Europe
2017,31,20.0,13.0,7.0,956.0,0.0,2017-07-31,Europe
2017,32,21.0,15.0,6.0,965.0,0.0,2017-08-07,Europe
2017,33,20.0,17.0,3.0,1037.0,0.0,2017-08-14,Europe
2017,34,18.0,10.0,8.0,1380.0,0.0,2017-08-21,Europe
2017,35,19.0,12.0,7.0,659.0,0.0,2017-08-28,Europe
2017,36,13.0,6.0,7.0,1102.0,0.0,2017-09-04,Europe
2017,37,21.0,14.0,7.0,865.0,0.0,2017-09-11,Europe
2017,38,30.0,24.0,6.0,958.0,0.0,2017-09-18,Europe
2017,39,15.0,10.0,5.0,1118.0,0.0,2017-09-25,Europe
2017,40,51.0,36.0,15.0,5101.0,0.0,2017-10-02,Europe
2017,41,69.0,49.0,20.0,6737.0,0.0,2017-10-09,Europe
2017,42,60.0,45.0,15.0,6584.0,0.0,2017-10-16,Europe
2017,43,102.0,65.0,37.0,7462.0,0.0,2017-10-23,Europe
2017,44,124.0,87.0,37.0,7916.0,0.0,2017-10-30,Europe
2017,45,187.0,131.0,56.0,8738.0,0.0,2017-11-06,Europe
2017,46,281.0,172.0,109.0,9449.0,0.0,2017-11-13,Europe
2017,47,453.0,237.0,216.0,10754.0,0.0,2017-11-20,Europe
2017,48,712.0,331.0,381.0,11730.0,0.0,2017-11-27,Europe
2017,49,1340.0,634.0,706.0,13554.0,0.0,2017-12-04,Europe
2017,50,2733.0,1239.0,1494.0,17089.0,0.0,2017-12-11,Europe
2017,51,5290.0,2343.0,2947.0,19924.0,0.0,2017-12-18,Europe
2017,52,8558.0,3677.0,4881.0,21672.0,0.0,2017-12-25,Europe
2018,1,11106.0,4180.0,6926.0,29459.0,0.0,2018-01-01,Europe
2018,2,10215.0,3533.0,6682.0,30093.0,0.0,2018-01-08,Europe
2018,3,10597.0,3694.0,6903.0,29073.0,0.0,2018-01-15,Europe
2018,4,11705.0,4096.0,7609.0,29497.0,0.0,2018-01-22,Europe
2018,5,12485.0,4067.0,8418.0,31643.0,0.0,2018-01-29,Europe
2018,6,12601.0,4082.0,8519.0,31782.0,0.0,2018-02-05,Europe
2018,7,13710.0,4629.0,9081.0,33514.0,0.0,2018-02-12,Europe
2018,8,12634.0,4312.0,8322.0,32664.0,0.0,2018-02-19,Europe
2018,9,10752.0,4023.0,6729.0,30912.0,0.0,2018-02-26,Europe
2018,10,10634.0,4338.0,6296.0,29921.0,0.0,2018-03-05,Europe
2018,11,8265.0,3666.0,4599.0,26497.0,0.0,2018-03-12,Europe
2018,12,6396.0,3240.0,3156.0,22703.0,0.0,2018-03-19,Europe
2018,13,4404.0,2417.0,1987.0,17068.0,0.0,2018-03-26,Europe
2018,14,3215.0,2000.0,1215.0,16237.0,0.0,2018-04-02,Europe
2018,15,2130.0,1387.0,743.0,14440.0,0.0,2018-04-09,Europe
2018,16,1184.0,843.0,341.0,11335.0,0.0,2018-04-16,Europe
2018,17,654.0,505.0,149.0,9554.0,0.0,2018-04-23,Europe
2018,18,321.0,242.0,79.0,7224.0,0.0,2018-04-30,Europe
2018,19,170.0,146.0,24.0,6151.0,0.0,2018-05-07,Europe
2018,20,100.0,79.0,21.0,5171.0,0.0,2018-05-14,Europe
2018,21,38.0,34.0,4.0,2161.0,0.0,2018-05-21,Europe
2018,22,24.0,20.0,4.0,2042.0,0.0,2018-05-28,Europe
2018,23,12.0,10.0,2.0,1336.0,0.0,2018-06-04,Europe
2018,24,12.0,10.0,2.0,1038.0,0.0,2018-06-11,Europe
2018,25,16.0,14.0,2.0,1289.0,0.0,2018-06-18,Europe
2018,26,17.0,13.0,4.0,1467.0,0.0,2018-06-25,Europe
2018,27,9.0,7.0,2.0,958.0,0.0,2018-07-02,Europe
2018,28,7.0,6.0,1.0,644.0,0.0,2018-07-09,Europe
2018,29,16.0,14.0,2.0,1232.0,0.0,2018-07-16,Europe
2018,30,11.0,8.0,3.0,771.0,0.0,2018-07-23,Europe
2018,31,19.0,16.0,3.0,626.0,0.0,2018-07-30,Europe
2018,32,13.0,13.0,0.0,1005.0,0.0,2018-08-06,Europe
2018,33,17.0,15.0,2.0,785.0,0.0,2018-08-13,Europe
2018,34,7.0,5.0,2.0,617.0,0.0,2018-08-20,Europe
2018,35,9.0,9.0,0.0,998.0,0.0,2018-08-27,Europe
2018,36,14.0,10.0,4.0,1158.0,0.0,2018-09-03,Europe
2018,37,9.0,6.0,3.0,953.0,0.0,2018-09-10,Europe
2018,38,14.0,13.0,1.0,991.0,0.0,2018-09-17,Europe
2018,39,8.0,8.0,0.0,1588.0,0.0,2018-09-24,Europe
2018,40,31.0,24.0,7.0,6291.0,0.0,2018-10-01,Europe
2018,41,50.0,42.0,8.0,6824.0,0.0,2018-10-08,Europe
2018,42,69.0,60.0,9.0,7206.0,0.0,2018-10-15,Europe
2018,43,77.0,67.0,10.0,7878.0,0.0,2018-10-22,Europe
2018,44,97.0,93.0,4.0,8200.0,0.0,2018-10-29,Europe
2018,45,179.0,161.0,18.0,9090.0,0.0,2018-11-05,Europe
2018,46,205.0,196.0,9.0,10179.0,0.0,2018-11-12,Europe
2018,47,227.0,218.0,9.0,11568.0,0.0,2018-11-19,Europe
2018,48,359.0,350.0,9.0,12857.0,0.0,2018-11-26,Europe
2018,49,650.0,630.0,20.0,14216.0,0.0,2018-12-03,Europe
2018,50,1020.0,1004.0,16.0,16145.0,0.0,2018-12-10,Europe
2018,51,1964.0,1949.0,15.0,17995.0,0.0,2018-12-17,Europe
2018,52,2817.0,2800.0,17.0,15663.0,0.0,2018-12-24,Europe
2019,1,3894.0,3872.0,22.0,21109.0,671.0,2018-12-31,Europe
2019,2,5712.0,5665.0,47.0,27418.0,974.0,2019-01-07,Europe
2019,3,8024.0,7985.0,39.0,29161.0,1387.0,2019-01-14,Europe
2019,4,11865.0,11828.0,37.0,34158.0,1613.0,2019-01-21,Europe
2019,5,15068.0,15011.0,57.0,38495.0,1770.0,2019-01-28,Europe
2019,6,17226.0,17181.0,45.0,42807.0,1839.0,2019-02-04,Europe
2019,7,16106.0,16068.0,38.0,41114.0,1628.0,2019-02-11,Europe
2019,8,12586.0,12545.0,41.0,36606.0,1524.0,2019-02-18,Europe
2019,9,8432.0,8404.0,28.0,30191.0,1189.0,2019-02-25,Europe
2019,10,5818.0,5769.0,49.0,25300.0,1061.0,2019-03-04,Europe
2019,11,4222.0,4184.0,38.0,21358.0,869.0,2019-03-11,Europe
2019,12,3212.0,3175.0,37.0,18846.0,624.0,2019-03-18,Europe
2019,13,2246.0,2218.0,28.0,15645.0,454.0,2019-03-25,Europe
2019,14,1670.0,1638.0,32.0,14304.0,409.0,2019-04-01,Europe
2019,15,1297.0,1259.0,38.0,13072.0,307.0,2019-04-08,Europe
2019,16,934.0,914.0,20.0,9149.0,203.0,2019-04-15,Europe
2019,17,717.0,690.0,27.0,8954.0,84.0,2019-04-22,Europe
2019,18,379.0,359.0,20.0,7120.0,0.0,2019-04-29,Europe
2019,19,263.0,241.0,22.0,6815.0,0.0,2019-05-06,Europe
2019,20,217.0,201.0,16.0,5942.0,0.0,2019-05-13,Europe
2019,21,183.0,172.0,11.0,3581.0,0.0,2019-05-20,Europe
2019,22,93.0,89.0,4.0,3055.0,0.0,2019-05-27,Europe
2019,23,66.0,59.0,7.0,2058.0,0.0,2019-06-03,Europe
2019,24,47.0,41.0,6.0,1851.0,0.0,2019-06-10,Europe
2019,25,45.0,41.0,4.0,2031.0,0.0,2019-06-17,Europe
2019,26,38.0,36.0,2.0,1984.0,0.0,2019-06-24,Europe
2019,27,29.0,27.0,2.0,1988.0,0.0,2019-07-01,Europe
2019,28,32.0,27.0,5.0,1510.0,0.0,2019-07-08,Europe
2019,29,20.0,16.0,4.0,1072.0,0.0,2019-07-15,Europe
2019,30,30.0,24.0,6.0,1213.0,0.0,2019-07-22,Europe
2019,31,28.0,22.0,6.0,1409.0,0.0,2019-07-29,Europe
2019,32,21.0,18.0,3.0,1495.0,0.0,2019-08-05,Europe
2019,33,30.0,24.0,6.0,965.0,0.0,2019-08-12,Europe
2019,34,34.0,29.0,5.0,1226.0,0.0,2019-08-19,Europe
2019,35,33.0,27.0,6.0,1181.0,0.0,2019-08-26,Europe
2019,36,21.0,20.0,1.0,1465.0,0.0,2019-09-02,Europe
2019,37,29.0,24.0,5.0,2066.0,0.0,2019-09-09,Europe
2019,38,32.0,29.0,3.0,2097.0,0.0,2019-09-16,Europe
2019,39,17.0,15.0,2.0,1472.0,0.0,2019-09-23,Europe
2019,40,68.0,53.0,15.0,7010.0,0.0,2019-09-30,Europe
2019,41,56.0,44.0,12.0,7599.0,0.0,2019-10-07,Europe
2019,42,94.0,78.0,16.0,8022.0,0.0,2019-10-14,Europe
2019,43,98.0,75.0,23.0,8874.0,0.0,2019-10-21,Europe
2019,44,141.0,94.0,47.0,9086.0,0.0,2019-10-28,Europe
2019,45,229.0,162.0,67.0,10307.0,0.0,2019-11-04,Europe
2019,46,380.0,273.0,107.0,11827.0,463.0,2019-11-11,Europe
2019,47,559.0,384.0,175.0,13389.0,537.0,2019-11-18,Europe
2019,48,859.0,572.0,287.0,14849.0,560.0,2019-11-25,Europe
2019,49,1128.0,783.0,345.0,16242.0,642.0,2019-12-02,Europe
2019,50,1904.0,1346.0,558.0,18980.0,624.0,2019-12-09,Europe
2019,51,3079.0,2243.0,836.0,21387.0,765.0,2019-12-16,Europe
2019,52,2719.0,2021.0,698.0,16511.0,594.0,2019-12-23,Europe
2020,1,3772.0,2894.0,878.0,21272.0,761.0,2019-12-30,Europe
2020,2,5378.0,4184.0,1194.0,26911.0,932.0,2020-01-06,Europe
2020,3,6391.0,4992.0,1399.0,38794.0,1372.0,2020-01-13,Europe
2020,4,9193.0,7066.0,2127.0,29390.0,1240.0,2020-01-20,Europe
2020,5,11999.0,8751.0,3248.0,32290.0,1581.0,2020-01-27,Europe
2020,6,11929.0,8471.0,3458.0,33014.0,1519.0,2020-02-03,Europe
2020,7,11727.0,8181.0,3546.0,31820.0,1303.0,2020-02-10,Europe
2020,8,10006.0,6861.0,3145.0,29143.0,1139.0,2020-02-17,Europe
2020,9,9769.0,6440.0,3329.0,30352.0,817.0,2020-02-24,Europe
2020,10,7806.0,5146.0,2660.0,33015.0,498.0,2020-03-02,Europe
2020,11,5438.0,3492.0,1946.0,36107.0,239.0,2020-03-09,Europe
2020,12,1955.0,1317.0,638.0,39406.0,172.0,2020-03-16,Europe
2020,13,617.0,367.0,250.0,30460.0,98.0,2020-03-23,Europe
2020,14,196.0,108.0,88.0,25562.0,68.0,2020-03-30,Europe
2020,15,48.0,17.0,31.0,17366.0,82.0,2020-04-06,Europe
2020,16,22.0,5.0,17.0,14290.0,0.0,2020-04-13,Europe
2020,17,17.0,10.0,7.0,13344.0,0.0,2020-04-20,Europe
2020,18,13.0,5.0,8.0,10719.0,0.0,2020-04-27,Europe
2020,19,5.0,2.0,3.0,9212.0,0.0,2020-05-04,Europe
2020,20,4.0,3.0,1.0,6932.0,0.0,2020-05-11,Europe
2020,21,3.0,1.0,2.0,1713.0,0.0,2020-05-18,Europe
2020,22,4.0,3.0,1.0,1101.0,0.0,2020-05-25,Europe
2020,23,0.0,0.0,0.0,863.0,0.0,2020-06-01,Europe
2020,24,1.0,0.0,1.0,993.0,0.0,2020-06-08,Europe
2020,25,2.0,1.0,1.0,955.0,0.0,2020-06-15,Europe
2020,26,4.0,1.0,3.0,968.0,0.0,2020-06-22,Europe
2020,27,3.0,0.0,3.0,886.0,0.0,2020-06-29,Europe
2020,28,1.0,1.0,0.0,966.0,0.0,2020-07-06,Europe
2020,29,1.0,1.0,0.0,1064.0,0.0,2020-07-13,Europe
2020,30,0.0,0.0,0.0,1653.0,0.0,2020-07-20,Europe
2020,31,1.0,0.0,1.0,1800.0,0.0,2020-07-27,Europe
2020,32,1.0,1.0,0.0,1929.0,0.0,2020-08-03,Europe
2020,33,2.0,1.0,1.0,1567.0,0.0,2020-08-10,Europe
2020,34,2.0,2.0,0.0,1582.0,0.0,2020-08-17,Europe
2020,35,0.0,0.0,0.0,1680.0,0.0,2020-08-24,Europe
2020,36,1.0,1.0,0.0,1969.0,0.0,2020-08-31,Europe
2020,37,1.0,0.0,1.0,2327.0,0.0,2020-09-07,Europe
2020,38,3.0,3.0,0.0,2134.0,0.0,2020-09-14,Europe
2020,39,3.0,1.0,2.0,1822.0,0.0,2020-09-21,Europe
2020,40,3.0,2.0,1.0,4254.0,0.0,2020-09-28,Europe
2020,41,5.0,4.0,1.0,4377.0,0.0,2020-10-05,Europe
2020,42,9.0,2.0,7.0,4764.0,0.0,2020-10-12,Europe
2020,43,10.0,8.0,2.0,5464.0,0.0,2020-10-19,Europe
2020,44,7.0,6.0,1.0,5865.0,0.0,2020-10-26,Europe
2020,45,4.0,0.0,4.0,7409.0,0.0,2020-11-02,Europe
2020,46,12.0,7.0,5.0,8042.0,182.0,2020-11-09,Europe
2020,47,6.0,2.0,4.0,8399.0,186.0,2020-11-16,Europe
2020,48,5.0,1.0,4.0,7774.0,155.0,2020-11-23,Europe
2020,49,6.0,1.0,5.0,9490.0,199.0,2020-11-30,Europe
2020,50,10.0,4.0,6.0,13202.0,199.0,2020-12-07,Europe
2020,51,15.0,5.0,10.0,14289.0,298.0,2020-12-14,Europe
2020,52,17.0,6.0,11.0,12961.0,207.0,2020-12-21,Europe
2020,53,8.0,4.0,4.0,14201.0,215.0,2020-12-28,Europe
2021,1,16.0,7.0,9.0,16465.0,214.0,2021-01-04,Europe
2021,2,10.0,2.0,8.0,17714.0,253.0,2021-01-11,Europe
2021,3,8.0,5.0,3.0,18177.0,362.0,2021-01-18,Europe
2021,4,9.0,3.0,6.0,20404.0,340.0,2021-01-25,Europe
2021,5,7.0,1.0,6.0,23006.0,374.0,2021-02-01,Europe
2021,6,6.0,1.0,5.0,24535.0,219.0,2021-02-08,Europe
2021,7,11.0,4.0,7.0,25093.0,301.0,2021-02-15,Europe
2021,8,8.0,4.0,4.0,26157.0,354.0,2021-02-22,Europe
2021,9,8.0,2.0,6.0,24830.0,317.0,2021-03-01,Europe
2021,10,8.0,4.0,4.0,25061.0,391.0,2021-03-08,Europe
2021,11,7.0,2.0,5.0,26254.0,408.0,2021-03-15,Europe
2021,12,11.0,4.0,7.0,27288.0,443.0,2021-03-22,Europe
2021,13,9.0,2.0,7.0,24594.0,369.0,2021-03-29,Europe
2021,14,5.0,4.0,1.0,24109.0,300.0,2021-04-05,Europe
2021,15,8.0,6.0,2.0,24679.0,278.0,2021-04-12,Europe
2021,16,4.0,4.0,0.0,23304.0,252.0,2021-04-19,Europe
2021,17,2.0,2.0,0.0,20867.0,21.0,2021-04-26,Europe
2021,18,3.0,2.0,1.0,20823.0,20.0,2021-05-03,Europe
2021,19,3.0,2.0,1.0,18355.0,21.0,2021-05-10,Europe
2021,20,6.0,4.0,2.0,9909.0,31.0,2021-05-17,Europe
2021,21,1.0,1.0,0.0,9059.0,25.0,2021-05-24,Europe
2021,22,2.0,1.0,1.0,9543.0,17.0,2021-05-31,Europe
2021,23,2.0,0.0,2.0,8009.0,22.0,2021-06-07,Europe
2021,24,1.0,0.0,1.0,7543.0,27.0,2021-06-14,Europe
2021,25,3.0,1.0,2.0,5492.0,20.0,2021-06-21,Europe
2021,26,1.0,1.0,0.0,5752.0,18.0,2021-06-28,Europe
2021,27,1.0,1.0,0.0,5562.0,18.0,2021-07-05,Europe
2021,28,2.0,1.0,1.0,5734.0,27.0,2021-07-12,Europe
2021,29,1.0,1.0,0.0,5176.0,12.0,2021-07-19,Europe
2021,30,4.0,4.0,0.0,7112.0,13.0,2021-07-26,Europe
2021,31,4.0,3.0,1.0,7364.0,14.0,2021-08-02,Europe
2021,32,3.0,2.0,1.0,7851.0,24.0,2021-08-09,Europe
2021,33,8.0,7.0,1.0,7926.0,15.0,2021-08-16,Europe
2021,34,4.0,2.0,2.0,9303.0,13.0,2021-08-23,Europe
2021,35,4.0,3.0,1.0,10247.0,10.0,2021-08-30,Europe
2021,36,7.0,6.0,1.0,11958.0,27.0,2021-09-06,Europe
2021,37,25.0,18.0,7.0,11957.0,16.0,2021-09-13,Europe
2021,38,21.0,16.0,5.0,12281.0,19.0,2021-09-20,Europe
2021,39,7.0,6.0,1.0,12542.0,24.0,2021-09-27,Europe
2021,40,36.0,30.0,6.0,25590.0,0.0,2021-10-04,Europe
2021,41,36.0,30.0,6.0,24458.0,0.0,2021-10-11,Europe
2021,42,56.0,50.0,6.0,29684.0,0.0,2021-10-18,Europe
2021,43,70.0,61.0,9.0,32223.0,0.0,2021-10-25,Europe
2021,44,85.0,79.0,6.0,37931.0,0.0,2021-11-01,Europe
2021,45,131.0,118.0,13.0,40674.0,0.0,2021-11-08,Europe
2021,46,219.0,199.0,20.0,43212.0,379.0,2021-11-15,Europe
2021,47,426.0,415.0,11.0,48452.0,731.0,2021-11-22,Europe
2021,48,921.0,893.0,28.0,52679.0,549.0,2021-11-29,Europe
2021,49,2352.0,2322.0,30.0,61009.0,444.0,2021-12-06,Europe
2021,50,3343.0,3312.0,31.0,71628.0,448.0,2021-12-13,Europe
2021,51,3016.0,2998.0,18.0,64173.0,339.0,2021-12-20,Europe
2021,52,3063.0,3034.0,29.0,67383.0,476.0,2021-12-27,Europe
2022,1,1891.0,1875.0,16.0,81736.0,520.0,2022-01-03,Europe
2022,2,1317.0,1302.0,15.0,81438.0,361.0,2022-01-10,Europe
2022,3,1126.0,1094.0,32.0,90593.0,605.0,2022-01-17,Europe
2022,4,1095.0,1078.0,17.0,84682.0,374.0,2022-01-24,Europe
2022,5,1247.0,1229.0,18.0,83423.0,311.0,2022-01-31,Europe
2022,6,1528.0,1520.0,8.0,79617.0,552.0,2022-02-07,Europe
2022,7,1729.0,1712.0,17.0,66939.0,408.0,2022-02-14,Europe
2022,8,1833.0,1825.0,8.0,65256.0,416.0,2022-02-21,Europe
2022,9,2973.0,2965.0,8.0,56160.0,515.0,2022-02-28,Europe
2022,10,5436.0,5422.0,14.0,53417.0,668.0,2022-03-07,Europe
2022,11,8395.0,8377.0,18.0,57892.0,837.0,2022-03-14,Europe
2022,12,10387.0,10360.0,27.0,60430.0,900.0,2022-03-21,Europe
2022,13,10403.0,10354.0,49.0,59847.0,814.0,2022-03-28,Europe
2022,14,11081.0,11044.0,37.0,53295.0,801.0,2022-04-04,Europe
2022,15,7928.0,7880.0,48.0,44879.0,631.0,2022-04-11,Europe
2022,16,5158.0,5124.0,34.0,42458.0,543.0,2022-04-18,Europe
2022,17,3395.0,3379.0,16.0,38405.0,431.0,2022-04-25,Europe
2022,18,2223.0,2193.0,30.0,35812.0,0.0,2022-05-02,Europe
2022,19,1845.0,1810.0,35.0,35488.0,0.0,2022-05-09,Europe
2022,20,1108.0,1081.0,27.0,25279.0,0.0,2022-05-16,Europe
2022,21,939.0,915.0,24.0,23857.0,0.0,2022-05-23,Europe
2022,22,534.0,508.0,26.0,22516.0,0.0,2022-05-30,Europe
2022,23,433.0,414.0,19.0,21576.0,0.0,2022-06-06,Europe
2022,24,320.0,303.0,17.0,21375.0,0.0,2022-06-13,Europe
2022,25,225.0,214.0,11.0,19931.0,0.0,2022-06-20,Europe
2022,26,145.0,137.0,8.0,19700.0,0.0,2022-06-27,Europe
2022,27,130.0,115.0,15.0,18119.0,0.0,2022-07-04,Europe
2022,28,121.0,114.0,7.0,16841.0,0.0,2022-07-11,Europe
2022,29,110.0,102.0,8.0,16776.0,0.0,2022-07-18,Europe
2022,30,112.0,103.0,9.0,16080.0,0.0,2022-07-25,Europe
2022,31,128.0,121.0,7.0,15084.0,0.0,2022-08-01,Europe
2022,32,152.0,141.0,11.0,14150.0,0.0,2022-08-08,Europe
2022,33,193.0,177.0,16.0,14109.0,0.0,2022-08-15,Europe
2022,34,221.0,210.0,11.0,14371.0,0.0,2022-08-22,Europe
2022,35,201.0,197.0,4.0,14497.0,0.0,2022-08-29,Europe
2022,36,188.0,181.0,7.0,14887.0,0.0,2022-09-05,Europe
2022,37,232.0,217.0,15.0,15998.0,0.0,2022-09-12,Europe
2022,38,252.0,228.0,24.0,16700.0,0.0,2022-09-19,Europe
2022,39,250.0,224.0,26.0,17408.0,0.0,2022-09-26,Europe
2022,40,660.0,636.0,24.0,31583.0,0.0,2022-10-03,Europe
2022,41,754.0,713.0,41.0,33597.0,0.0,2022-10-10,Europe
2022,42,1022.0,988.0,34.0,37440.0,0.0,2022-10-17,Europe
2022,43,1228.0,1174.0,54.0,39995.0,0.0,2022-10-24,Europe
2022,44,1433.0,1364.0,69.0,40298.0,0.0,2022-10-31,Europe
2022,45,2026.0,1943.0,83.0,44446.0,0.0,2022-11-07,Europe
2022,46,3050.0,2942.0,108.0,49783.0,0.0,2022-11-14,Europe
2022,47,4064.0,3864.0,200.0,54988.0,0.0,2022-11-21,Europe
2022,48,5708.0,5516.0,192.0,59741.0,0.0,2022-11-28,Europe
2022,49,8532.0,8166.0,366.0,67873.0,0.0,2022-12-05,Europe
2022,50,15735.0,14506.0,1229.0,79280.0,0.0,2022-12-12,Europe
2022,51,23749.0,21439.0,2310.0,85224.0,0.0,2022-12-19,Europe
2022,52,20972.0,18590.0,2382.0,77301.0,0.0,2022-12-26,Europe
2023,1,14860.0,12847.0,2013.0,80457.0,0.0,2023-01-02,Europe
2023,2,8639.0,7259.0,1380.0,69669.0,0.0,2023-01-09,Europe
2023,3,6445.0,4958.0,1487.0,60077.0,0.0,2023-01-16,Europe
2023,4,7116.0,4985.0,2131.0,56189.0,0.0,2023-01-23,Europe
2023,5,8807.0,5586.0,3221.0,55640.0,0.0,2023-01-30,Europe
2023,6,9956.0,5789.0,4167.0,56182.0,0.0,2023-02-06,Europe
2023,7,10597.0,5550.0,5047.0,54369.0,0.0,2023-02-13,Europe
2023,8,8872.0,4168.0,4704.0,52058.0,0.0,2023-02-20,Europe
2023,9,7248.0,3321.0,3927.0,49456.0,0.0,2023-02-27,Europe
2023,10,7194.0,3021.0,4173.0,48864.0,0.0,2023-03-06,Europe
2023,11,6713.0,2699.0,4014.0,46774.0,0.0,2023-03-13,Europe
2023,12,5887.0,2078.0,3809.0,45549.0,0.0,2023-03-20,Europe
2023,13,4226.0,1341.0,2885.0,42422.0,0.0,2023-03-27,Europe
2023,14,2698.0,997.0,1701.0,36080.0,0.0,2023-04-03,Europe
2023,15,2375.0,786.0,1589.0,37195.0,0.0,2023-04-10,Europe
2023,16,1671.0,579.0,1092.0,34596.0,0.0,2023-04-17,Europe
2023,17,1129.0,425.0,704.0,30880.0,0.0,2023-04-24,Europe
2023,18,839.0,311.0,528.0,27051.0,0.0,2023-05-01,Europe
2023,19,852.0,306.0,546.0,27269.0,0.0,2023-05-08,Europe
2023,20,467.0,187.0,280.0,24277.0,0.0,2023-05-15,Europe
2023,21,391.0,165.0,226.0,19816.0,0.0,2023-05-22,Europe
2023,22,230.0,102.0,128.0,16937.0,0.0,2023-05-29,Europe
2023,23,224.0,125.0,99.0,16900.0,0.0,2023-06-05,Europe
2023,24,176.0,103.0,73.0,15497.0,0.0,2023-06-12,Europe
2023,25,120.0,71.0,49.0,14206.0,0.0,2023-06-19,Europe
2023,26,90.0,63.0,27.0,12808.0,0.0,2023-06-26,Europe
2023,27,78.0,64.0,14.0,12223.0,0.0,2023-07-03,Europe
2023,28,94.0,84.0,10.0,11529.0,0.0,2023-07-10,Europe
2023,29,109.0,82.0,27.0,11633.0,0.0,2023-07-17,Europe
2023,30,116.0,93.0,23.0,11579.0,0.0,2023-07-24,Europe
2023,31,87.0,76.0,11.0,11763.0,0.0,2023-07-31,Europe
2023,32,102.0,89.0,13.0,11967.0,0.0,2023-08-07,Europe
2023,33,108.0,95.0,13.0,13262.0,0.0,2023-08-14,Europe
2023,34,104.0,91.0,13.0,15116.0,0.0,2023-08-21,Europe
2023,35,114.0,103.0,11.0,15765.0,0.0,2023-08-28,Europe
2023,36,133.0,114.0,19.0,17550.0,0.0,2023-09-04,Europe
2023,37,109.0,102.0,7.0,18119.0,0.0,2023-09-11,Europe
2023,38,164.0,157.0,7.0,19503.0,0.0,2023-09-18,Europe
2023,39,183.0,177.0,6.0,19576.0,0.0,2023-09-25,Europe
2023,40,227.0,210.0,17.0,29291.0,0.0,2023-10-02,Europe
2023,41,259.0,239.0,20.0,31001.0,0.0,2023-10-09,Europe
2023,42,307.0,279.0,28.0,33437.0,0.0,2023-10-16,Europe
2023,43,499.0,451.0,48.0,36343.0,0.0,2023-10-23,Europe
2023,44,715.0,663.0,52.0,38794.0,0.0,2023-10-30,Europe
2023,45,1004.0,942.0,62.0,44049.0,0.0,2023-11-06,Europe
2023,46,1284.0,1222.0,62.0,47393.0,0.0,2023-11-13,Europe
2023,47,1910.0,1838.0,72.0,51330.0,0.0,2023-11-20,Europe
2023,48,2847.0,2760.0,87.0,54660.0,0.0,2023-11-27,Europe
2023,49,5037.0,4921.0,116.0,61124.0,0.0,2023-12-04,Europe
2023,50,9271.0,9051.0,220.0,67737.0,0.0,2023-12-11,Europe
2023,51,13215.0,13067.0,148.0,68983.0,0.0,2023-12-18,Europe
2023,52,16354.0,16119.0,235.0,60649.0,0.0,2023-12-25,Europe
2024,1,17014.0,16762.0,252.0,71529.0,0.0,2024-01-01,Europe
2024,2,13599.0,13414.0,185.0,68187.0,0.0,2024-01-08,Europe
2024,3,14165.0,13977.0,188.0,64137.0,0.0,2024-01-15,Europe
2024,4,16919.0,16604.0,315.0,65003.0,0.0,2024-01-22,Europe
2024,5,16114.0,15813.0,301.0,63327.0,0.0,2024-01-29,Europe
2024,6,14061.0,13690.0,371.0,61093.0,0.0,2024-02-05,Europe
2024,7,10828.0,10378.0,450.0,57250.0,0.0,2024-02-12,Europe
2024,8,8066.0,7561.0,505.0,54140.0,0.0,2024-02-19,Europe
2024,9,5617.0,5063.0,554.0,49991.0,0.0,2024-02-26,Europe
2024,10,3752.0,3250.0,502.0,47677.0,0.0,2024-03-04,Europe
2024,11,3107.0,2539.0,568.0,45106.0,0.0,2024-03-11,Europe
2024,12,2369.0,1796.0,573.0,42809.0,0.0,2024-03-18,Europe
2024,13,1461.0,987.0,474.0,35538.0,0.0,2024-03-25,Europe
2024,14,1284.0,773.0,511.0,35791.0,0.0,2024-04-01,Europe
2024,15,956.0,529.0,427.0,35131.0,0.0,2024-04-08,Europe
2024,16,705.0,338.0,367.0,32261.0,0.0,2024-04-15,Europe
2024,17,700.0,355.0,345.0,31256.0,0.0,2024-04-22,Europe
2024,18,652.0,302.0,350.0,27418.0,0.0,2024-04-29,Europe
2024,19,582.0,265.0,317.0,26500.0,0.0,2024-05-06,Europe
2024,20,528.0,213.0,315.0,26803.0,0.0,2024-05-13,Europe
2024,21,430.0,174.0,256.0,22442.0,0.0,2024-05-20,Europe
2024,22,439.0,189.0,250.0,23866.0,0.0,2024-05-27,Europe
2024,23,346.0,179.0,167.0,24557.0,0.0,2024-06-03,Europe
2024,24,357.0,186.0,171.0,25917.0,0.0,2024-06-10,Europe
2024,25,293.0,143.0,150.0,26245.0,0.0,2024-06-17,Europe
2024,26,355.0,215.0,140.0,25890.0,0.0,2024-06-24,Europe
2024,27,260.0,141.0,119.0,23642.0,0.0,2024-07-01,Europe
2024,28,284.0,178.0,106.0,24119.0,0.0,2024-07-08,Europe
2024,29,261.0,190.0,71.0,23171.0,0.0,2024-07-15,Europe
2024,30,274.0,201.0,73.0,21731.0,0.0,2024-07-22,Europe
2024,31,284.0,231.0,53.0,20565.0,0.0,2024-07-29,Europe
2024,32,289.0,243.0,46.0,19787.0,0.0,2024-08-05,Europe
2024,33,251.0,193.0,58.0,20205.0,0.0,2024-08-12,Europe
2024,34,242.0,209.0,33.0,22308.0,0.0,2024-08-19,Europe
2024,35,266.0,212.0,54.0,24002.0,0.0,2024-08-26,Europe
2024,36,247.0,198.0,49.0,24260.0,0.0,2024-09-02,Europe
2024,37,184.0,135.0,49.0,25830.0,0.0,2024-09-09,Europe
2024,38,246.0,202.0,44.0,27853.0,0.0,2024-09-16,Europe
2024,39,207.0,160.0,47.0,28461.0,0.0,2024-09-23,Europe
2024,40,307.0,185.0,122.0,40747.0,0.0,2024-09-30,Europe
2024,41,408.0,270.0,138.0,42468.0,0.0,2024-10-07,Europe
2024,42,519.0,327.0,192.0,45123.0,0.0,2024-10-14,Europe
2024,43,593.0,327.0,266.0,44423.0,0.0,2024-10-21,Europe
2024,44,644.0,358.0,286.0,43108.0,0.0,2024-10-28,Europe
2024,45,756.0,457.0,299.0,46321.0,0.0,2024-11-04,Europe
2024,46,1065.0,693.0,372.0,47418.0,0.0,2024-11-11,Europe
2024,47,1415.0,917.0,498.0,49261.0,0.0,2024-11-18,Europe
2024,48,2275.0,1598.0,677.0,50831.0,0.0,2024-11-25,Europe
2024,49,3336.0,2456.0,880.0,52077.0,0.0,2024-12-02,Europe
2024,50,5812.0,4413.0,1399.0,56166.0,0.0,2024-12-09,Europe
2024,51,10635.0,8252.0,2383.0,63275.0,0.0,2024-12-16,Europe
2024,52,13114.0,10363.0,2751.0,52620.0,0.0,2024-12-23,Europe
2025,1,16448.0,13290.0,3158.0,63714.0,0.0,2024-12-30,Europe
2025,2,19407.0,15649.0,3758.0,74706.0,0.0,2025-01-06,Europe
2025,3,21003.0,16920.0,4083.0,69926.0,0.0,2025-01-13,Europe
2025,4,24591.0,19363.0,5228.0,71832.0,0.0,2025-01-20,Europe
2025,5,28528.0,22050.0,6478.0,74915.0,0.0,2025-01-27,Europe
2025,6,25415.0,18974.0,6441.0,70817.0,0.0,2025-02-03,Europe
2025,7,25048.0,18275.0,6773.0,70938.0,0.0,2025-02-10,Europe
2025,8,24693.0,18255.0,6438.0,71814.0,0.0,2025-02-17,Europe
2025,9,21299.0,15349.0,5950.0,67538.0,0.0,2025-02-24,Europe
2025,10,16771.0,11914.0,4857.0,63345.0,0.0,2025-03-03,Europe
2025,11,12728.0,8935.0,3793.0,58036.0,0.0,2025-03-10,Europe
2025,12,10465.0,7522.0,2943.0,53290.0,0.0,2025-03-17,Europe
2025,13,8782.0,6389.0,2393.0,49934.0,0.0,2025-03-24,Europe
2025,14,6488.0,4663.0,1825.0,46444.0,0.0,2025-03-31,Europe
2025,15,5113.0,3832.0,1281.0,43140.0,0.0,2025-04-07,Europe
2025,16,3370.0,2677.0,693.0,33449.0,0.0,2025-04-14,Europe
2025,17,2162.0,1692.0,470.0,34266.0,0.0,2025-04-21,Europe
2025,18,1364.0,1075.0,289.0,30769.0,0.0,2025-04-28,Europe
2025,19,1173.0,941.0,232.0,29159.0,0.0,2025-05-05,Europe
2025,20,855.0,684.0,171.0,28172.0,0.0,2025-05-12,Europe
2025,21,672.0,588.0,84.0,25909.0,0.0,2025-05-19,Europe
2025,22,559.0,502.0,57.0,22160.0,0.0,2025-05-26,Europe
2025,23,451.0,385.0,66.0,21393.0,0.0,2025-06-02,Europe
2025,24,359.0,324.0,35.0,20498.0,0.0,2025-06-09,Europe
2025,25,420.0,397.0,23.0,19854.0,0.0,2025-06-16,Europe
2025,26,266.0,246.0,20.0,18781.0,0.0,2025-06-23,Europe
2025,27,240.0,225.0,15.0,18622.0,0.0,2025-06-30,Europe
2025,28,202.0,191.0,11.0,17283.0,0.0,2025-07-07,Europe
2025,29,187.0,171.0,16.0,16837.0,0.0,2025-07-14,Europe
2025,30,189.0,178.0,11.0,16284.0,0.0,2025-07-21,Europe
2025,31,199.0,189.0,10.0,16587.0,0.0,2025-07-28,Europe
2025,32,225.0,212.0,13.0,16940.0,0.0,2025-08-04,Europe
2025,33,343.0,334.0,9.0,17236.0,0.0,2025-08-11,Europe
2025,34,359.0,348.0,11.0,18290.0,0.0,2025-08-18,Europe
2025,35,294.0,281.0,13.0,18884.0,0.0,2025-08-25,Europe
2025,36,326.0,315.0,11.0,20062.0,0.0,2025-09-01,Europe
2025,37,276.0,265.0,11.0,21889.0,0.0,2025-09-08,Europe
2025,38,385.0,376.0,9.0,23824.0,0.0,2025-09-15,Europe
2025,39,401.0,384.0,17.0,24552.0,0.0,2025-09-22,Europe
2025,40,655.0,640.0,15.0,33444.0,0.0,2025-09-29,Europe
2025,41,864.0,841.0,23.0,36500.0,0.0,2025-10-06,Europe
2025,42,966.0,939.0,27.0,37850.0,0.0,2025-10-13,Europe
2025,43,1203.0,1157.0,46.0,36803.0,0.0,2025-10-20,Europe
2025,44,1380.0,1339.0,41.0,34899.0,0.0,2025-10-27,Europe
2025,45,1918.0,1883.0,35.0,36836.0,0.0,2025-11-03,Europe
2025,46,2565.0,2527.0,38.0,35972.0,0.0,2025-11-10,Europe
2025,47,3865.0,3811.0,54.0,38751.0,0.0,2025-11-17,Europe
2025,48,7315.0,7256.0,59.0,45371.0,0.0,2025-11-24,Europe
2025,49,12960.0,12910.0,50.0,54505.0,0.0,2025-12-01,Europe
2025,50,18120.0,18032.0,88.0,61278.0,0.0,2025-12-08,Europe
2025,51,21705.0,21645.0,60.0,66689.0,0.0,2025-12-15,Europe
2025,52,20734.0,20691.0,43.0,56855.0,0.0,2025-12-22,Europe
2026,1,20973.0,20871.0,102.0,62462.0,0.0,2025-12-29,Europe
2026,2,17967.0,17901.0,66.0,63389.0,0.0,2026-01-05,Europe
2026,3,16222.0,16141.0,81.0,57747.0,0.0,2026-01-12,Europe
2026,4,14621.0,14547.0,74.0,54731.0,0.0,2026-01-19,Europe
2026,5,14064.0,13974.0,90.0,54081.0,0.0,2026-01-26,Europe
2026,6,13281.0,13180.0,101.0,53350.0,0.0,2026-02-02,Europe
2026,7,11316.0,11206.0,110.0,51906.0,0.0,2026-02-09,Europe
2026,8,8786.0,8670.0,116.0,47179.0,0.0,2026-02-16,Europe
2026,9,6317.0,6169.0,148.0,44904.0,0.0,2026-02-23,Europe
2026,10,3584.0,3470.0,114.0,38873.0,0.0,2026-03-02,Europe
2026,11,2260.0,2129.0,131.0,36800.0,0.0,2026-03-09,Europe
2026,12,1460.0,1331.0,129.0,35568.0,0.0,2026-03-16,Europe
2026,13,1103.0,995.0,108.0,34587.0,0.0,2026-03-23,Europe
2026,14,710.0,615.0,95.0,29289.0,0.0,2026-03-30,Europe
2026,15,548.0,437.0,111.0,29827.0,0.0,2026-04-06,Europe
2026,16,345.0,255.0,90.0,26393.0,0.0,2026-04-13,Europe
2026,17,235.0,153.0,82.0,16745.0,0.0,2026-04-20,Europe
