iso_date,INF_ALL,INF_norm,group
1996-12-23,1.0,0.0006430868167202572,Australia
1996-12-30,1.0,0.0006430868167202572,Australia
1997-01-06,0.0,0.0,Australia
1997-01-13,0.0,0.0,Australia
1997-01-20,0.0,0.0,Australia
1997-01-27,0.0,0.0,Australia
1997-02-03,0.0,0.0,Australia
1997-02-10,0.0,0.0,Australia
1997-02-17,2.0,0.0012861736334405145,Australia
1997-02-24,0.0,0.0,Australia
1997-03-03,0.0,0.0,Australia
1997-03-10,0.0,0.0,Australia
1997-03-17,0.0,0.0,Australia
1997-03-24,0.0,0.0,Australia
1997-03-31,0.0,0.0,Australia
1997-04-07,1.0,0.0006430868167202572,Australia
1997-04-14,0.0,0.0,Australia
1997-04-21,0.0,0.0,Australia
1997-04-28,0.0,0.0,Australia
1997-05-05,0.0,0.0,Australia
1997-05-12,5.0,0.003215434083601286,Australia
1997-05-19,0.0,0.0,Australia
1997-05-26,2.0,0.0012861736334405145,Australia
1997-06-02,8.0,0.005144694533762058,Australia
1997-06-09,2.0,0.0012861736334405145,Australia
1997-06-16,8.0,0.005144694533762058,Australia
1997-06-23,16.0,0.010289389067524116,Australia
1997-06-30,12.0,0.0077170418006430866,Australia
1997-07-07,10.0,0.006430868167202572,Australia
1997-07-14,12.0,0.0077170418006430866,Australia
1997-07-21,7.0,0.0045016077170418,Australia
1997-07-28,10.0,0.006430868167202572,Australia
1997-08-04,8.0,0.005144694533762058,Australia
1997-08-11,12.0,0.0077170418006430866,Australia
1997-08-18,9.0,0.005787781350482315,Australia
1997-08-25,2.0,0.0012861736334405145,Australia
1997-09-01,4.0,0.002572347266881029,Australia
1997-09-08,1.0,0.0006430868167202572,Australia
1997-09-15,2.0,0.0012861736334405145,Australia
1997-09-22,0.0,0.0,Australia
1997-09-29,0.0,0.0,Australia
1997-10-06,0.0,0.0,Australia
1997-10-13,0.0,0.0,Australia
1997-10-20,0.0,0.0,Australia
1997-10-27,0.0,0.0,Australia
1997-11-03,0.0,0.0,Australia
1997-11-10,0.0,0.0,Australia
1997-11-17,1.0,0.0006430868167202572,Australia
1997-11-24,0.0,0.0,Australia
1997-12-01,0.0,0.0,Australia
1997-12-08,0.0,0.0,Australia
1997-12-15,6.0,0.0038585209003215433,Australia
1997-12-22,0.0,0.0,Australia
1997-12-29,0.0,0.0,Australia
1998-01-05,0.0,0.0,Australia
1998-01-12,0.0,0.0,Australia
1998-01-19,0.0,0.0,Australia
1998-01-26,0.0,0.0,Australia
1998-02-02,0.0,0.0,Australia
1998-02-09,0.0,0.0,Australia
1998-02-16,0.0,0.0,Australia
1998-02-23,0.0,0.0,Australia
1998-03-02,0.0,0.0,Australia
1998-03-09,0.0,0.0,Australia
1998-03-16,0.0,0.0,Australia
1998-03-23,0.0,0.0,Australia
1998-03-30,0.0,0.0,Australia
1998-04-06,0.0,0.0,Australia
1998-04-13,0.0,0.0,Australia
1998-04-20,0.0,0.0,Australia
1998-04-27,1.0,0.0006430868167202572,Australia
1998-05-04,2.0,0.0012861736334405145,Australia
1998-05-11,1.0,0.0006430868167202572,Australia
1998-05-18,4.0,0.002572347266881029,Australia
1998-05-25,7.0,0.0045016077170418,Australia
1998-06-01,7.0,0.0045016077170418,Australia
1998-06-08,18.0,0.01157556270096463,Australia
1998-06-15,15.0,0.00964630225080386,Australia
1998-06-22,21.0,0.013504823151125401,Australia
1998-06-29,22.0,0.01414790996784566,Australia
1998-07-06,39.0,0.02508038585209003,Australia
1998-07-13,47.0,0.03022508038585209,Australia
1998-07-20,38.0,0.024437299035369776,Australia
1998-07-27,32.0,0.020578778135048232,Australia
1998-08-03,70.0,0.04501607717041801,Australia
1998-08-10,27.0,0.017363344051446947,Australia
1998-08-17,33.0,0.02122186495176849,Australia
1998-08-24,45.0,0.028938906752411574,Australia
1998-08-31,28.0,0.0180064308681672,Australia
1998-09-07,18.0,0.01157556270096463,Australia
1998-09-14,6.0,0.0038585209003215433,Australia
1998-09-21,1.0,0.0006430868167202572,Australia
1998-09-28,2.0,0.0012861736334405145,Australia
1998-10-05,1.0,0.0006430868167202572,Australia
1998-10-12,1.0,0.0006430868167202572,Australia
1998-10-19,0.0,0.0,Australia
1998-10-26,3.0,0.0019292604501607716,Australia
1998-11-02,0.0,0.0,Australia
1998-11-09,0.0,0.0,Australia
1998-11-16,0.0,0.0,Australia
1998-11-23,0.0,0.0,Australia
1998-11-30,1.0,0.0006430868167202572,Australia
1998-12-07,0.0,0.0,Australia
1998-12-14,0.0,0.0,Australia
1998-12-21,1.0,0.0006430868167202572,Australia
1998-12-28,3.0,0.0019292604501607716,Australia
1999-01-04,0.0,0.0,Australia
1999-01-11,1.0,0.0006430868167202572,Australia
1999-01-18,1.0,0.0006430868167202572,Australia
1999-01-25,0.0,0.0,Australia
1999-02-01,5.0,0.003215434083601286,Australia
1999-02-08,3.0,0.0019292604501607716,Australia
1999-02-15,2.0,0.0012861736334405145,Australia
1999-02-22,0.0,0.0,Australia
1999-03-01,0.0,0.0,Australia
1999-03-08,0.0,0.0,Australia
1999-03-15,0.0,0.0,Australia
1999-03-22,0.0,0.0,Australia
1999-03-29,3.0,0.0019292604501607716,Australia
1999-04-05,5.0,0.003215434083601286,Australia
1999-04-12,1.0,0.0006430868167202572,Australia
1999-04-19,2.0,0.0012861736334405145,Australia
1999-04-26,3.0,0.0019292604501607716,Australia
1999-05-03,4.0,0.002572347266881029,Australia
1999-05-10,16.0,0.010289389067524116,Australia
1999-05-17,7.0,0.0045016077170418,Australia
1999-05-24,18.0,0.01157556270096463,Australia
1999-05-31,20.0,0.012861736334405145,Australia
1999-06-07,23.0,0.014790996784565916,Australia
1999-06-14,64.0,0.041157556270096464,Australia
1999-06-21,47.0,0.03022508038585209,Australia
1999-06-28,61.0,0.03922829581993569,Australia
1999-07-05,72.0,0.04630225080385852,Australia
1999-07-12,42.0,0.027009646302250803,Australia
1999-07-19,39.0,0.02508038585209003,Australia
1999-07-26,49.0,0.031511254019292605,Australia
1999-08-02,26.0,0.016720257234726688,Australia
1999-08-09,21.0,0.013504823151125401,Australia
1999-08-16,14.0,0.0090032154340836,Australia
1999-08-23,10.0,0.006430868167202572,Australia
1999-08-30,11.0,0.00707395498392283,Australia
1999-09-06,7.0,0.0045016077170418,Australia
1999-09-13,4.0,0.002572347266881029,Australia
1999-09-20,15.0,0.00964630225080386,Australia
1999-09-27,4.0,0.002572347266881029,Australia
1999-10-04,5.0,0.003215434083601286,Australia
1999-10-11,4.0,0.002572347266881029,Australia
1999-10-18,4.0,0.002572347266881029,Australia
1999-10-25,0.0,0.0,Australia
1999-11-01,3.0,0.0019292604501607716,Australia
1999-11-08,1.0,0.0006430868167202572,Australia
1999-11-15,0.0,0.0,Australia
1999-11-22,0.0,0.0,Australia
1999-11-29,4.0,0.002572347266881029,Australia
1999-12-06,1.0,0.0006430868167202572,Australia
1999-12-13,1.0,0.0006430868167202572,Australia
1999-12-20,0.0,0.0,Australia
1999-12-27,1.0,0.0006430868167202572,Australia
2000-01-03,1.0,0.0006430868167202572,Australia
2000-01-10,1.0,0.0006430868167202572,Australia
2000-01-17,2.0,0.0012861736334405145,Australia
2000-01-24,1.0,0.0006430868167202572,Australia
2000-01-31,1.0,0.0006430868167202572,Australia
2000-02-07,1.0,0.0006430868167202572,Australia
2000-02-14,2.0,0.0012861736334405145,Australia
2000-02-21,0.0,0.0,Australia
2000-02-28,0.0,0.0,Australia
2000-03-06,0.0,0.0,Australia
2000-03-13,0.0,0.0,Australia
2000-03-20,0.0,0.0,Australia
2000-03-27,1.0,0.0006430868167202572,Australia
2000-04-03,0.0,0.0,Australia
2000-04-10,0.0,0.0,Australia
2000-04-17,1.0,0.0006430868167202572,Australia
2000-04-24,1.0,0.0006430868167202572,Australia
2000-05-01,0.0,0.0,Australia
2000-05-08,0.0,0.0,Australia
2000-05-15,1.0,0.0006430868167202572,Australia
2000-05-22,2.0,0.0012861736334405145,Australia
2000-05-29,0.0,0.0,Australia
2000-06-05,2.0,0.0012861736334405145,Australia
2000-06-12,7.0,0.0045016077170418,Australia
2000-06-19,5.0,0.003215434083601286,Australia
2000-06-26,4.0,0.002572347266881029,Australia
2000-07-03,6.0,0.0038585209003215433,Australia
2000-07-10,14.0,0.0090032154340836,Australia
2000-07-17,34.0,0.021864951768488745,Australia
2000-07-24,37.0,0.023794212218649517,Australia
2000-07-31,29.0,0.01864951768488746,Australia
2000-08-07,36.0,0.02315112540192926,Australia
2000-08-14,53.0,0.03408360128617363,Australia
2000-08-21,72.0,0.04630225080385852,Australia
2000-08-28,54.0,0.03472668810289389,Australia
2000-09-04,40.0,0.02572347266881029,Australia
2000-09-11,32.0,0.020578778135048232,Australia
2000-09-18,18.0,0.01157556270096463,Australia
2000-09-25,15.0,0.00964630225080386,Australia
2000-10-02,25.0,0.01607717041800643,Australia
2000-10-09,10.0,0.006430868167202572,Australia
2000-10-16,5.0,0.003215434083601286,Australia
2000-10-23,2.0,0.0012861736334405145,Australia
2000-10-30,5.0,0.003215434083601286,Australia
2000-11-06,1.0,0.0006430868167202572,Australia
2000-11-13,1.0,0.0006430868167202572,Australia
2000-11-20,1.0,0.0006430868167202572,Australia
2000-11-27,3.0,0.0019292604501607716,Australia
2000-12-04,1.0,0.0006430868167202572,Australia
2000-12-11,1.0,0.0006430868167202572,Australia
2000-12-18,0.0,0.0,Australia
2000-12-25,0.0,0.0,Australia
2001-01-01,2.0,0.0012861736334405145,Australia
2001-01-08,0.0,0.0,Australia
2001-01-15,0.0,0.0,Australia
2001-01-22,0.0,0.0,Australia
2001-01-29,0.0,0.0,Australia
2001-02-05,2.0,0.0012861736334405145,Australia
2001-02-12,0.0,0.0,Australia
2001-02-19,1.0,0.0006430868167202572,Australia
2001-02-26,0.0,0.0,Australia
2001-03-05,2.0,0.0012861736334405145,Australia
2001-03-12,1.0,0.0006430868167202572,Australia
2001-03-19,0.0,0.0,Australia
2001-03-26,1.0,0.0006430868167202572,Australia
2001-04-02,0.0,0.0,Australia
2001-04-09,0.0,0.0,Australia
2001-04-16,0.0,0.0,Australia
2001-04-23,1.0,0.0006430868167202572,Australia
2001-04-30,0.0,0.0,Australia
2001-05-07,0.0,0.0,Australia
2001-05-14,3.0,0.0019292604501607716,Australia
2001-05-21,0.0,0.0,Australia
2001-05-28,0.0,0.0,Australia
2001-06-04,0.0,0.0,Australia
2001-06-11,1.0,0.0006430868167202572,Australia
2001-06-18,2.0,0.0012861736334405145,Australia
2001-06-25,2.0,0.0012861736334405145,Australia
2001-07-02,12.0,0.0077170418006430866,Australia
2001-07-09,4.0,0.002572347266881029,Australia
2001-07-16,19.0,0.012218649517684888,Australia
2001-07-23,12.0,0.0077170418006430866,Australia
2001-07-30,21.0,0.013504823151125401,Australia
2001-08-06,18.0,0.01157556270096463,Australia
2001-08-13,19.0,0.012218649517684888,Australia
2001-08-20,13.0,0.008360128617363344,Australia
2001-08-27,9.0,0.005787781350482315,Australia
2001-09-03,4.0,0.002572347266881029,Australia
2001-09-10,3.0,0.0019292604501607716,Australia
2001-09-17,2.0,0.0012861736334405145,Australia
2001-09-24,3.0,0.0019292604501607716,Australia
2001-10-01,1.0,0.0006430868167202572,Australia
2001-10-08,0.0,0.0,Australia
2001-10-15,0.0,0.0,Australia
2001-10-22,1.0,0.0006430868167202572,Australia
2001-10-29,0.0,0.0,Australia
2001-11-05,1.0,0.0006430868167202572,Australia
2001-11-12,0.0,0.0,Australia
2001-11-19,0.0,0.0,Australia
2001-11-26,0.0,0.0,Australia
2001-12-03,0.0,0.0,Australia
2001-12-10,0.0,0.0,Australia
2001-12-17,0.0,0.0,Australia
2001-12-24,0.0,0.0,Australia
2001-12-31,1.0,0.0006430868167202572,Australia
2002-01-07,16.0,0.010289389067524116,Australia
2002-01-14,0.0,0.0,Australia
2002-01-21,1.0,0.0006430868167202572,Australia
2002-01-28,2.0,0.0012861736334405145,Australia
2002-02-04,0.0,0.0,Australia
2002-02-11,2.0,0.0012861736334405145,Australia
2002-02-18,1.0,0.0006430868167202572,Australia
2002-02-25,0.0,0.0,Australia
2002-03-04,0.0,0.0,Australia
2002-03-11,5.0,0.003215434083601286,Australia
2002-03-18,17.0,0.010932475884244373,Australia
2002-03-25,2.0,0.0012861736334405145,Australia
2002-04-01,0.0,0.0,Australia
2002-04-08,0.0,0.0,Australia
2002-04-15,1.0,0.0006430868167202572,Australia
2002-04-22,2.0,0.0012861736334405145,Australia
2002-04-29,6.0,0.0038585209003215433,Australia
2002-05-06,6.0,0.0038585209003215433,Australia
2002-05-13,8.0,0.005144694533762058,Australia
2002-05-20,23.0,0.014790996784565916,Australia
2002-05-27,37.0,0.023794212218649517,Australia
2002-06-03,48.0,0.030868167202572346,Australia
2002-06-10,45.0,0.028938906752411574,Australia
2002-06-17,33.0,0.02122186495176849,Australia
2002-06-24,50.0,0.03215434083601286,Australia
2002-07-01,54.0,0.03472668810289389,Australia
2002-07-08,46.0,0.029581993569131833,Australia
2002-07-15,37.0,0.023794212218649517,Australia
2002-07-22,46.0,0.029581993569131833,Australia
2002-07-29,30.0,0.01929260450160772,Australia
2002-08-05,63.0,0.04051446945337621,Australia
2002-08-12,14.0,0.0090032154340836,Australia
2002-08-19,11.0,0.00707395498392283,Australia
2002-08-26,11.0,0.00707395498392283,Australia
2002-09-02,3.0,0.0019292604501607716,Australia
2002-09-09,1.0,0.0006430868167202572,Australia
2002-09-16,0.0,0.0,Australia
2002-09-23,6.0,0.0038585209003215433,Australia
2002-09-30,2.0,0.0012861736334405145,Australia
2002-10-07,0.0,0.0,Australia
2002-10-14,0.0,0.0,Australia
2002-10-21,0.0,0.0,Australia
2002-10-28,0.0,0.0,Australia
2002-11-04,0.0,0.0,Australia
2002-11-11,0.0,0.0,Australia
2002-11-18,0.0,0.0,Australia
2002-11-25,0.0,0.0,Australia
2002-12-02,0.0,0.0,Australia
2002-12-09,0.0,0.0,Australia
2002-12-16,0.0,0.0,Australia
2002-12-23,0.0,0.0,Australia
2002-12-30,1.0,0.0006430868167202572,Australia
2003-01-06,14.0,0.0090032154340836,Australia
2003-01-13,0.0,0.0,Australia
2003-01-20,0.0,0.0,Australia
2003-01-27,0.0,0.0,Australia
2003-02-03,0.0,0.0,Australia
2003-02-10,0.0,0.0,Australia
2003-02-17,0.0,0.0,Australia
2003-02-24,1.0,0.0006430868167202572,Australia
2003-03-03,0.0,0.0,Australia
2003-03-10,0.0,0.0,Australia
2003-03-17,0.0,0.0,Australia
2003-03-24,0.0,0.0,Australia
2003-03-31,1.0,0.0006430868167202572,Australia
2003-04-07,0.0,0.0,Australia
2003-04-14,0.0,0.0,Australia
2003-04-21,0.0,0.0,Australia
2003-04-28,0.0,0.0,Australia
2003-05-05,0.0,0.0,Australia
2003-05-12,0.0,0.0,Australia
2003-05-19,0.0,0.0,Australia
2003-05-26,1.0,0.0006430868167202572,Australia
2003-06-02,0.0,0.0,Australia
2003-06-09,0.0,0.0,Australia
2003-06-16,1.0,0.0006430868167202572,Australia
2003-06-23,2.0,0.0012861736334405145,Australia
2003-06-30,3.0,0.0019292604501607716,Australia
2003-07-07,5.0,0.003215434083601286,Australia
2003-07-14,13.0,0.008360128617363344,Australia
2003-07-21,51.0,0.03279742765273312,Australia
2003-07-28,116.0,0.07459807073954984,Australia
2003-08-04,96.0,0.06173633440514469,Australia
2003-08-11,101.0,0.06495176848874598,Australia
2003-08-18,108.0,0.06945337620578779,Australia
2003-08-25,53.0,0.03408360128617363,Australia
2003-09-01,57.0,0.036655948553054665,Australia
2003-09-08,45.0,0.028938906752411574,Australia
2003-09-15,21.0,0.013504823151125401,Australia
2003-09-22,9.0,0.005787781350482315,Australia
2003-09-29,6.0,0.0038585209003215433,Australia
2003-10-06,5.0,0.003215434083601286,Australia
2003-10-13,4.0,0.002572347266881029,Australia
2003-10-20,2.0,0.0012861736334405145,Australia
2003-10-27,1.0,0.0006430868167202572,Australia
2003-11-03,0.0,0.0,Australia
2003-11-10,0.0,0.0,Australia
2003-11-17,0.0,0.0,Australia
2003-11-24,0.0,0.0,Australia
2003-12-01,0.0,0.0,Australia
2003-12-08,0.0,0.0,Australia
2003-12-15,0.0,0.0,Australia
2003-12-22,0.0,0.0,Australia
2003-12-29,0.0,0.0,Australia
2004-01-05,1.0,0.0006430868167202572,Australia
2004-01-12,0.0,0.0,Australia
2004-01-19,0.0,0.0,Australia
2004-01-26,1.0,0.0006430868167202572,Australia
2004-02-02,1.0,0.0006430868167202572,Australia
2004-02-09,0.0,0.0,Australia
2004-02-16,0.0,0.0,Australia
2004-02-23,1.0,0.0006430868167202572,Australia
2004-03-01,0.0,0.0,Australia
2004-03-08,0.0,0.0,Australia
2004-03-15,0.0,0.0,Australia
2004-03-22,0.0,0.0,Australia
2004-03-29,0.0,0.0,Australia
2004-04-05,0.0,0.0,Australia
2004-04-12,0.0,0.0,Australia
2004-04-19,0.0,0.0,Australia
2004-04-26,0.0,0.0,Australia
2004-05-03,0.0,0.0,Australia
2004-05-10,0.0,0.0,Australia
2004-05-17,0.0,0.0,Australia
2004-05-24,0.0,0.0,Australia
2004-05-31,0.0,0.0,Australia
2004-06-07,2.0,0.0012861736334405145,Australia
2004-06-14,0.0,0.0,Australia
2004-06-21,0.0,0.0,Australia
2004-06-28,1.0,0.0006430868167202572,Australia
2004-07-05,4.0,0.002572347266881029,Australia
2004-07-12,9.0,0.005787781350482315,Australia
2004-07-19,6.0,0.0038585209003215433,Australia
2004-07-26,6.0,0.0038585209003215433,Australia
2004-08-02,9.0,0.005787781350482315,Australia
2004-08-09,10.0,0.006430868167202572,Australia
2004-08-16,21.0,0.013504823151125401,Australia
2004-08-23,27.0,0.017363344051446947,Australia
2004-08-30,15.0,0.00964630225080386,Australia
2004-09-06,21.0,0.013504823151125401,Australia
2004-09-13,17.0,0.010932475884244373,Australia
2004-09-20,16.0,0.010289389067524116,Australia
2004-09-27,13.0,0.008360128617363344,Australia
2004-10-04,8.0,0.005144694533762058,Australia
2004-10-11,7.0,0.0045016077170418,Australia
2004-10-18,6.0,0.0038585209003215433,Australia
2004-10-25,3.0,0.0019292604501607716,Australia
2004-11-01,2.0,0.0012861736334405145,Australia
2004-11-08,7.0,0.0045016077170418,Australia
2004-11-15,3.0,0.0019292604501607716,Australia
2004-11-22,1.0,0.0006430868167202572,Australia
2004-11-29,1.0,0.0006430868167202572,Australia
2004-12-06,2.0,0.0012861736334405145,Australia
2004-12-13,0.0,0.0,Australia
2004-12-20,2.0,0.0012861736334405145,Australia
2004-12-27,0.0,0.0,Australia
2005-01-03,1.0,0.0006430868167202572,Australia
2005-01-10,0.0,0.0,Australia
2005-01-17,0.0,0.0,Australia
2005-01-24,0.0,0.0,Australia
2005-01-31,0.0,0.0,Australia
2005-02-07,1.0,0.0006430868167202572,Australia
2005-02-14,0.0,0.0,Australia
2005-02-21,0.0,0.0,Australia
2005-02-28,1.0,0.0006430868167202572,Australia
2005-03-07,0.0,0.0,Australia
2005-03-14,0.0,0.0,Australia
2005-03-21,0.0,0.0,Australia
2005-03-28,0.0,0.0,Australia
2005-04-04,0.0,0.0,Australia
2005-04-11,0.0,0.0,Australia
2005-04-18,3.0,0.0019292604501607716,Australia
2005-04-25,1.0,0.0006430868167202572,Australia
2005-05-02,3.0,0.0019292604501607716,Australia
2005-05-09,1.0,0.0006430868167202572,Australia
2005-05-16,5.0,0.003215434083601286,Australia
2005-05-23,5.0,0.003215434083601286,Australia
2005-05-30,13.0,0.008360128617363344,Australia
2005-06-06,28.0,0.0180064308681672,Australia
2005-06-13,19.0,0.012218649517684888,Australia
2005-06-20,54.0,0.03472668810289389,Australia
2005-06-27,59.0,0.037942122186495175,Australia
2005-07-04,81.0,0.05209003215434083,Australia
2005-07-11,53.0,0.03408360128617363,Australia
2005-07-18,68.0,0.04372990353697749,Australia
2005-07-25,68.0,0.04372990353697749,Australia
2005-08-01,43.0,0.02765273311897106,Australia
2005-08-08,40.0,0.02572347266881029,Australia
2005-08-15,30.0,0.01929260450160772,Australia
2005-08-22,35.0,0.022508038585209004,Australia
2005-08-29,38.0,0.024437299035369776,Australia
2005-09-05,22.0,0.01414790996784566,Australia
2005-09-12,12.0,0.0077170418006430866,Australia
2005-09-19,7.0,0.0045016077170418,Australia
2005-09-26,6.0,0.0038585209003215433,Australia
2005-10-03,5.0,0.003215434083601286,Australia
2005-10-10,3.0,0.0019292604501607716,Australia
2005-10-17,1.0,0.0006430868167202572,Australia
2005-10-24,3.0,0.0019292604501607716,Australia
2005-10-31,1.0,0.0006430868167202572,Australia
2005-11-07,1.0,0.0006430868167202572,Australia
2005-11-14,1.0,0.0006430868167202572,Australia
2005-11-21,0.0,0.0,Australia
2005-11-28,0.0,0.0,Australia
2005-12-05,0.0,0.0,Australia
2005-12-12,0.0,0.0,Australia
2005-12-19,0.0,0.0,Australia
2005-12-26,0.0,0.0,Australia
2006-01-02,0.0,0.0,Australia
2006-01-09,0.0,0.0,Australia
2006-01-16,1.0,0.0006430868167202572,Australia
2006-01-23,1.0,0.0006430868167202572,Australia
2006-01-30,0.0,0.0,Australia
2006-02-06,0.0,0.0,Australia
2006-02-13,0.0,0.0,Australia
2006-02-20,0.0,0.0,Australia
2006-02-27,0.0,0.0,Australia
2006-03-06,1.0,0.0006430868167202572,Australia
2006-03-13,0.0,0.0,Australia
2006-03-20,0.0,0.0,Australia
2006-03-27,1.0,0.0006430868167202572,Australia
2006-04-03,0.0,0.0,Australia
2006-04-10,0.0,0.0,Australia
2006-04-17,0.0,0.0,Australia
2006-04-24,0.0,0.0,Australia
2006-05-01,0.0,0.0,Australia
2006-05-08,0.0,0.0,Australia
2006-05-15,4.0,0.002572347266881029,Australia
2006-05-22,2.0,0.0012861736334405145,Australia
2006-05-29,0.0,0.0,Australia
2006-06-05,2.0,0.0012861736334405145,Australia
2006-06-12,2.0,0.0012861736334405145,Australia
2006-06-19,6.0,0.0038585209003215433,Australia
2006-06-26,4.0,0.002572347266881029,Australia
2006-07-03,8.0,0.005144694533762058,Australia
2006-07-10,16.0,0.010289389067524116,Australia
2006-07-17,20.0,0.012861736334405145,Australia
2006-07-24,26.0,0.016720257234726688,Australia
2006-07-31,26.0,0.016720257234726688,Australia
2006-08-07,29.0,0.01864951768488746,Australia
2006-08-14,30.0,0.01929260450160772,Australia
2006-08-21,28.0,0.0180064308681672,Australia
2006-08-28,14.0,0.0090032154340836,Australia
2006-09-04,12.0,0.0077170418006430866,Australia
2006-09-11,9.0,0.005787781350482315,Australia
2006-09-18,1.0,0.0006430868167202572,Australia
2006-09-25,4.0,0.002572347266881029,Australia
2006-10-02,1.0,0.0006430868167202572,Australia
2006-10-09,2.0,0.0012861736334405145,Australia
2006-10-16,0.0,0.0,Australia
2006-10-23,0.0,0.0,Australia
2006-10-30,2.0,0.0012861736334405145,Australia
2006-11-06,1.0,0.0006430868167202572,Australia
2006-11-13,2.0,0.0012861736334405145,Australia
2006-11-20,1.0,0.0006430868167202572,Australia
2006-11-27,1.0,0.0006430868167202572,Australia
2006-12-04,0.0,0.0,Australia
2006-12-11,0.0,0.0,Australia
2006-12-18,2.0,0.0012861736334405145,Australia
2006-12-25,0.0,0.0,Australia
2007-01-01,0.0,0.0,Australia
2007-01-08,3.0,0.0019292604501607716,Australia
2007-01-15,1.0,0.0006430868167202572,Australia
2007-01-22,1.0,0.0006430868167202572,Australia
2007-01-29,1.0,0.0006430868167202572,Australia
2007-02-05,0.0,0.0,Australia
2007-02-12,0.0,0.0,Australia
2007-02-19,1.0,0.0006430868167202572,Australia
2007-02-26,2.0,0.0012861736334405145,Australia
2007-03-05,1.0,0.0006430868167202572,Australia
2007-03-12,1.0,0.0006430868167202572,Australia
2007-03-19,0.0,0.0,Australia
2007-03-26,1.0,0.0006430868167202572,Australia
2007-04-02,1.0,0.0006430868167202572,Australia
2007-04-09,0.0,0.0,Australia
2007-04-16,1.0,0.0006430868167202572,Australia
2007-04-23,2.0,0.0012861736334405145,Australia
2007-04-30,0.0,0.0,Australia
2007-05-07,0.0,0.0,Australia
2007-05-14,1.0,0.0006430868167202572,Australia
2007-05-21,4.0,0.002572347266881029,Australia
2007-05-28,6.0,0.0038585209003215433,Australia
2007-06-04,4.0,0.002572347266881029,Australia
2007-06-11,4.0,0.002572347266881029,Australia
2007-06-18,14.0,0.0090032154340836,Australia
2007-06-25,25.0,0.01607717041800643,Australia
2007-07-02,51.0,0.03279742765273312,Australia
2007-07-09,139.0,0.08938906752411575,Australia
2007-07-16,131.0,0.0842443729903537,Australia
2007-07-23,158.0,0.10160771704180065,Australia
2007-07-30,147.0,0.09453376205787781,Australia
2007-08-06,157.0,0.10096463022508038,Australia
2007-08-13,160.0,0.10289389067524116,Australia
2007-08-20,127.0,0.08167202572347267,Australia
2007-08-27,64.0,0.041157556270096464,Australia
2007-09-03,55.0,0.03536977491961415,Australia
2007-09-10,28.0,0.0180064308681672,Australia
2007-09-17,15.0,0.00964630225080386,Australia
2007-09-24,19.0,0.012218649517684888,Australia
2007-10-01,2.0,0.0012861736334405145,Australia
2007-10-08,3.0,0.0019292604501607716,Australia
2007-10-15,5.0,0.003215434083601286,Australia
2007-10-22,1.0,0.0006430868167202572,Australia
2007-10-29,2.0,0.0012861736334405145,Australia
2007-11-05,3.0,0.0019292604501607716,Australia
2007-11-12,2.0,0.0012861736334405145,Australia
2007-11-19,3.0,0.0019292604501607716,Australia
2007-11-26,3.0,0.0019292604501607716,Australia
2007-12-03,3.0,0.0019292604501607716,Australia
2007-12-10,1.0,0.0006430868167202572,Australia
2007-12-17,2.0,0.0012861736334405145,Australia
2007-12-24,0.0,0.0,Australia
2007-12-31,1.0,0.0006430868167202572,Australia
2008-01-07,0.0,0.0,Australia
2008-01-14,2.0,0.0012861736334405145,Australia
2008-01-21,1.0,0.0006430868167202572,Australia
2008-01-28,1.0,0.0006430868167202572,Australia
2008-02-04,1.0,0.0006430868167202572,Australia
2008-02-11,2.0,0.0012861736334405145,Australia
2008-02-18,0.0,0.0,Australia
2008-02-25,0.0,0.0,Australia
2008-03-03,5.0,0.003215434083601286,Australia
2008-03-10,0.0,0.0,Australia
2008-03-17,2.0,0.0012861736334405145,Australia
2008-03-24,3.0,0.0019292604501607716,Australia
2008-03-31,1.0,0.0006430868167202572,Australia
2008-04-07,2.0,0.0012861736334405145,Australia
2008-04-14,0.0,0.0,Australia
2008-04-21,0.0,0.0,Australia
2008-04-28,1.0,0.0006430868167202572,Australia
2008-05-05,2.0,0.0012861736334405145,Australia
2008-05-12,4.0,0.002572347266881029,Australia
2008-05-19,4.0,0.002572347266881029,Australia
2008-05-26,11.0,0.00707395498392283,Australia
2008-06-02,6.0,0.0038585209003215433,Australia
2008-06-09,8.0,0.005144694533762058,Australia
2008-06-16,6.0,0.0038585209003215433,Australia
2008-06-23,5.0,0.003215434083601286,Australia
2008-06-30,4.0,0.002572347266881029,Australia
2008-07-07,13.0,0.008360128617363344,Australia
2008-07-14,8.0,0.005144694533762058,Australia
2008-07-21,13.0,0.008360128617363344,Australia
2008-07-28,16.0,0.010289389067524116,Australia
2008-08-04,24.0,0.015434083601286173,Australia
2008-08-11,27.0,0.017363344051446947,Australia
2008-08-18,82.0,0.052733118971061095,Australia
2008-08-25,104.0,0.06688102893890675,Australia
2008-09-01,86.0,0.05530546623794212,Australia
2008-09-08,97.0,0.062379421221864954,Australia
2008-09-15,72.0,0.04630225080385852,Australia
2008-09-22,53.0,0.03408360128617363,Australia
2008-09-29,30.0,0.01929260450160772,Australia
2008-10-06,22.0,0.01414790996784566,Australia
2008-10-13,9.0,0.005787781350482315,Australia
2008-10-20,13.0,0.008360128617363344,Australia
2008-10-27,7.0,0.0045016077170418,Australia
2008-11-03,6.0,0.0038585209003215433,Australia
2008-11-10,5.0,0.003215434083601286,Australia
2008-11-17,1.0,0.0006430868167202572,Australia
2008-11-24,3.0,0.0019292604501607716,Australia
2008-12-01,2.0,0.0012861736334405145,Australia
2008-12-08,0.0,0.0,Australia
2008-12-15,2.0,0.0012861736334405145,Australia
2008-12-22,1.0,0.0006430868167202572,Australia
2008-12-29,1.0,0.0006430868167202572,Australia
2009-01-05,1.0,0.0006430868167202572,Australia
2009-01-12,1.0,0.0006430868167202572,Australia
2009-01-19,3.0,0.0019292604501607716,Australia
2009-01-26,0.0,0.0,Australia
2009-02-02,0.0,0.0,Australia
2009-02-09,2.0,0.0012861736334405145,Australia
2009-02-16,2.0,0.0012861736334405145,Australia
2009-02-23,0.0,0.0,Australia
2009-03-02,4.0,0.002572347266881029,Australia
2009-03-09,2.0,0.0012861736334405145,Australia
2009-03-16,4.0,0.002572347266881029,Australia
2009-03-23,1.0,0.0006430868167202572,Australia
2009-03-30,0.0,0.0,Australia
2009-04-06,5.0,0.003215434083601286,Australia
2009-04-13,0.0,0.0,Australia
2009-04-20,2.0,0.0012861736334405145,Australia
2009-04-27,19.0,0.012218649517684888,Australia
2009-05-04,13.0,0.008360128617363344,Australia
2009-05-11,5.0,0.003215434083601286,Australia
2009-05-18,9.0,0.005787781350482315,Australia
2009-05-25,22.0,0.01414790996784566,Australia
2009-06-01,45.0,0.028938906752411574,Australia
2009-06-08,112.0,0.0720257234726688,Australia
2009-06-15,111.0,0.07138263665594856,Australia
2009-06-22,108.0,0.06945337620578779,Australia
2009-06-29,150.0,0.09646302250803858,Australia
2009-07-06,542.0,0.3485530546623794,Australia
2009-07-13,727.0,0.467524115755627,Australia
2009-07-20,841.0,0.5408360128617363,Australia
2009-07-27,606.0,0.3897106109324759,Australia
2009-08-03,607.0,0.39035369774919615,Australia
2009-08-10,512.0,0.3292604501607717,Australia
2009-08-17,203.0,0.13054662379421222,Australia
2009-08-24,135.0,0.08681672025723473,Australia
2009-08-31,113.0,0.07266881028938907,Australia
2009-09-07,63.0,0.04051446945337621,Australia
2009-09-14,28.0,0.0180064308681672,Australia
2009-09-21,27.0,0.017363344051446947,Australia
2009-09-28,18.0,0.01157556270096463,Australia
2009-10-05,16.0,0.010289389067524116,Australia
2009-10-12,6.0,0.0038585209003215433,Australia
2009-10-19,2.0,0.0012861736334405145,Australia
2009-10-26,4.0,0.002572347266881029,Australia
2009-11-02,6.0,0.0038585209003215433,Australia
2009-11-09,7.0,0.0045016077170418,Australia
2009-11-16,3.0,0.0019292604501607716,Australia
2009-11-23,5.0,0.003215434083601286,Australia
2009-11-30,6.0,0.0038585209003215433,Australia
2009-12-07,5.0,0.003215434083601286,Australia
2009-12-14,3.0,0.0019292604501607716,Australia
2009-12-21,0.0,0.0,Australia
2009-12-28,0.0,0.0,Australia
2010-01-04,2.0,0.0012861736334405145,Australia
2010-01-11,1.0,0.0006430868167202572,Australia
2010-01-18,1.0,0.0006430868167202572,Australia
2010-01-25,0.0,0.0,Australia
2010-02-01,1.0,0.0006430868167202572,Australia
2010-02-08,1.0,0.0006430868167202572,Australia
2010-02-15,0.0,0.0,Australia
2010-02-22,4.0,0.002572347266881029,Australia
2010-03-01,3.0,0.0019292604501607716,Australia
2010-03-08,1.0,0.0006430868167202572,Australia
2010-03-15,1.0,0.0006430868167202572,Australia
2010-03-22,2.0,0.0012861736334405145,Australia
2010-03-29,0.0,0.0,Australia
2010-04-05,0.0,0.0,Australia
2010-04-12,4.0,0.002572347266881029,Australia
2010-04-19,2.0,0.0012861736334405145,Australia
2010-04-26,6.0,0.0038585209003215433,Australia
2010-05-03,1.0,0.0006430868167202572,Australia
2010-05-10,3.0,0.0019292604501607716,Australia
2010-05-17,4.0,0.002572347266881029,Australia
2010-05-24,4.0,0.002572347266881029,Australia
2010-05-31,3.0,0.0019292604501607716,Australia
2010-06-07,1.0,0.0006430868167202572,Australia
2010-06-14,5.0,0.003215434083601286,Australia
2010-06-21,12.0,0.0077170418006430866,Australia
2010-06-28,18.0,0.01157556270096463,Australia
2010-07-05,14.0,0.0090032154340836,Australia
2010-07-12,15.0,0.00964630225080386,Australia
2010-07-19,15.0,0.00964630225080386,Australia
2010-07-26,31.0,0.019935691318327974,Australia
2010-08-02,39.0,0.02508038585209003,Australia
2010-08-09,44.0,0.02829581993569132,Australia
2010-08-16,60.0,0.03858520900321544,Australia
2010-08-23,64.0,0.041157556270096464,Australia
2010-08-30,78.0,0.05016077170418006,Australia
2010-09-06,77.0,0.049517684887459806,Australia
2010-09-13,56.0,0.0360128617363344,Australia
2010-09-20,105.0,0.06752411575562701,Australia
2010-09-27,92.0,0.059163987138263666,Australia
2010-10-04,97.0,0.062379421221864954,Australia
2010-10-11,52.0,0.033440514469453377,Australia
2010-10-18,50.0,0.03215434083601286,Australia
2010-10-25,54.0,0.03472668810289389,Australia
2010-11-01,47.0,0.03022508038585209,Australia
2010-11-08,29.0,0.01864951768488746,Australia
2010-11-15,14.0,0.0090032154340836,Australia
2010-11-22,23.0,0.014790996784565916,Australia
2010-11-29,19.0,0.012218649517684888,Australia
2010-12-06,20.0,0.012861736334405145,Australia
2010-12-13,23.0,0.014790996784565916,Australia
2010-12-20,29.0,0.01864951768488746,Australia
2010-12-27,25.0,0.01607717041800643,Australia
2011-01-03,21.0,0.013504823151125401,Australia
2011-01-10,18.0,0.01157556270096463,Australia
2011-01-17,22.0,0.01414790996784566,Australia
2011-01-24,9.0,0.005787781350482315,Australia
2011-01-31,16.0,0.010289389067524116,Australia
2011-02-07,19.0,0.012218649517684888,Australia
2011-02-14,22.0,0.01414790996784566,Australia
2011-02-21,35.0,0.022508038585209004,Australia
2011-02-28,23.0,0.014790996784565916,Australia
2011-03-07,34.0,0.021864951768488745,Australia
2011-03-14,18.0,0.01157556270096463,Australia
2011-03-21,12.0,0.0077170418006430866,Australia
2011-03-28,17.0,0.010932475884244373,Australia
2011-04-04,7.0,0.0045016077170418,Australia
2011-04-11,10.0,0.006430868167202572,Australia
2011-04-18,9.0,0.005787781350482315,Australia
2011-04-25,4.0,0.002572347266881029,Australia
2011-05-02,7.0,0.0045016077170418,Australia
2011-05-09,2.0,0.0012861736334405145,Australia
2011-05-16,5.0,0.003215434083601286,Australia
2011-05-23,6.0,0.0038585209003215433,Australia
2011-05-30,2.0,0.0012861736334405145,Australia
2011-06-06,5.0,0.003215434083601286,Australia
2011-06-13,10.0,0.006430868167202572,Australia
2011-06-20,29.0,0.01864951768488746,Australia
2011-06-27,23.0,0.014790996784565916,Australia
2011-07-04,38.0,0.024437299035369776,Australia
2011-07-11,63.0,0.04051446945337621,Australia
2011-07-18,76.0,0.04887459807073955,Australia
2011-07-25,90.0,0.05787781350482315,Australia
2011-08-01,91.0,0.05852090032154341,Australia
2011-08-08,132.0,0.08488745980707396,Australia
2011-08-15,107.0,0.06881028938906752,Australia
2011-08-22,134.0,0.08617363344051447,Australia
2011-08-29,119.0,0.07652733118971061,Australia
2011-09-05,130.0,0.08360128617363344,Australia
2011-09-12,113.0,0.07266881028938907,Australia
2011-09-19,114.0,0.07331189710610933,Australia
2011-09-26,106.0,0.06816720257234726,Australia
2011-10-03,77.0,0.049517684887459806,Australia
2011-10-10,67.0,0.043086816720257236,Australia
2011-10-17,33.0,0.02122186495176849,Australia
2011-10-24,13.0,0.008360128617363344,Australia
2011-10-31,17.0,0.010932475884244373,Australia
2011-11-07,20.0,0.012861736334405145,Australia
2011-11-14,22.0,0.01414790996784566,Australia
2011-11-21,19.0,0.012218649517684888,Australia
2011-11-28,19.0,0.012218649517684888,Australia
2011-12-05,16.0,0.010289389067524116,Australia
2011-12-12,7.0,0.0045016077170418,Australia
2011-12-19,3.0,0.0019292604501607716,Australia
2011-12-26,29.0,0.01864951768488746,Australia
2012-01-02,7.0,0.0045016077170418,Australia
2012-01-09,5.0,0.003215434083601286,Australia
2012-01-16,21.0,0.013504823151125401,Australia
2012-01-23,11.0,0.00707395498392283,Australia
2012-01-30,5.0,0.003215434083601286,Australia
2012-02-06,8.0,0.005144694533762058,Australia
2012-02-13,12.0,0.0077170418006430866,Australia
2012-02-20,13.0,0.008360128617363344,Australia
2012-02-27,19.0,0.012218649517684888,Australia
2012-03-05,14.0,0.0090032154340836,Australia
2012-03-12,31.0,0.019935691318327974,Australia
2012-03-19,21.0,0.013504823151125401,Australia
2012-03-26,22.0,0.01414790996784566,Australia
2012-04-02,13.0,0.008360128617363344,Australia
2012-04-09,15.0,0.00964630225080386,Australia
2012-04-16,20.0,0.012861736334405145,Australia
2012-04-23,17.0,0.010932475884244373,Australia
2012-04-30,24.0,0.015434083601286173,Australia
2012-05-07,19.0,0.012218649517684888,Australia
2012-05-14,27.0,0.017363344051446947,Australia
2012-05-21,38.0,0.024437299035369776,Australia
2012-05-28,41.0,0.026366559485530548,Australia
2012-06-04,74.0,0.047588424437299034,Australia
2012-06-11,118.0,0.07588424437299035,Australia
2012-06-18,125.0,0.08038585209003216,Australia
2012-06-25,254.0,0.16334405144694533,Australia
2012-07-02,354.0,0.22765273311897105,Australia
2012-07-09,439.0,0.2823151125401929,Australia
2012-07-16,391.0,0.2514469453376206,Australia
2012-07-23,433.0,0.2784565916398714,Australia
2012-07-30,435.0,0.2797427652733119,Australia
2012-08-06,388.0,0.24951768488745982,Australia
2012-08-13,385.0,0.24758842443729903,Australia
2012-08-20,287.0,0.18456591639871384,Australia
2012-08-27,250.0,0.1607717041800643,Australia
2012-09-03,139.0,0.08938906752411575,Australia
2012-09-10,109.0,0.07009646302250803,Australia
2012-09-17,72.0,0.04630225080385852,Australia
2012-09-24,32.0,0.020578778135048232,Australia
2012-10-01,24.0,0.015434083601286173,Australia
2012-10-08,17.0,0.010932475884244373,Australia
2012-10-15,15.0,0.00964630225080386,Australia
2012-10-22,7.0,0.0045016077170418,Australia
2012-10-29,2.0,0.0012861736334405145,Australia
2012-11-05,13.0,0.008360128617363344,Australia
2012-11-12,11.0,0.00707395498392283,Australia
2012-11-19,2.0,0.0012861736334405145,Australia
2012-11-26,4.0,0.002572347266881029,Australia
2012-12-03,7.0,0.0045016077170418,Australia
2012-12-10,2.0,0.0012861736334405145,Australia
2012-12-17,5.0,0.003215434083601286,Australia
2012-12-24,1.0,0.0006430868167202572,Australia
2012-12-31,8.0,0.005144694533762058,Australia
2013-01-07,13.0,0.008360128617363344,Australia
2013-01-14,17.0,0.010932475884244373,Australia
2013-01-21,15.0,0.00964630225080386,Australia
2013-01-28,13.0,0.008360128617363344,Australia
2013-02-04,18.0,0.01157556270096463,Australia
2013-02-11,17.0,0.010932475884244373,Australia
2013-02-18,10.0,0.006430868167202572,Australia
2013-02-25,16.0,0.010289389067524116,Australia
2013-03-04,15.0,0.00964630225080386,Australia
2013-03-11,21.0,0.013504823151125401,Australia
2013-03-18,27.0,0.017363344051446947,Australia
2013-03-25,10.0,0.006430868167202572,Australia
2013-04-01,8.0,0.005144694533762058,Australia
2013-04-08,5.0,0.003215434083601286,Australia
2013-04-15,4.0,0.002572347266881029,Australia
2013-04-22,3.0,0.0019292604501607716,Australia
2013-04-29,1.0,0.0006430868167202572,Australia
2013-05-06,4.0,0.002572347266881029,Australia
2013-05-13,7.0,0.0045016077170418,Australia
2013-05-20,10.0,0.006430868167202572,Australia
2013-05-27,5.0,0.003215434083601286,Australia
2013-06-03,9.0,0.005787781350482315,Australia
2013-06-10,7.0,0.0045016077170418,Australia
2013-06-17,5.0,0.003215434083601286,Australia
2013-06-24,10.0,0.006430868167202572,Australia
2013-07-01,29.0,0.01864951768488746,Australia
2013-07-08,36.0,0.02315112540192926,Australia
2013-07-15,68.0,0.04372990353697749,Australia
2013-07-22,45.0,0.028938906752411574,Australia
2013-07-29,81.0,0.05209003215434083,Australia
2013-08-05,104.0,0.06688102893890675,Australia
2013-08-12,99.0,0.06366559485530547,Australia
2013-08-19,128.0,0.08231511254019293,Australia
2013-08-26,159.0,0.1022508038585209,Australia
2013-09-02,116.0,0.07459807073954984,Australia
2013-09-09,140.0,0.09003215434083602,Australia
2013-09-16,125.0,0.08038585209003216,Australia
2013-09-23,125.0,0.08038585209003216,Australia
2013-09-30,73.0,0.04694533762057878,Australia
2013-10-07,82.0,0.052733118971061095,Australia
2013-10-14,53.0,0.03408360128617363,Australia
2013-10-21,42.0,0.027009646302250803,Australia
2013-10-28,47.0,0.03022508038585209,Australia
2013-11-04,32.0,0.020578778135048232,Australia
2013-11-11,25.0,0.01607717041800643,Australia
2013-11-18,14.0,0.0090032154340836,Australia
2013-11-25,32.0,0.020578778135048232,Australia
2013-12-02,17.0,0.010932475884244373,Australia
2013-12-09,31.0,0.019935691318327974,Australia
2013-12-16,8.0,0.005144694533762058,Australia
2013-12-23,13.0,0.008360128617363344,Australia
2013-12-30,21.0,0.013504823151125401,Australia
2014-01-06,23.0,0.014790996784565916,Australia
2014-01-13,25.0,0.01607717041800643,Australia
2014-01-20,26.0,0.016720257234726688,Australia
2014-01-27,19.0,0.012218649517684888,Australia
2014-02-03,31.0,0.019935691318327974,Australia
2014-02-10,26.0,0.016720257234726688,Australia
2014-02-17,16.0,0.010289389067524116,Australia
2014-02-24,33.0,0.02122186495176849,Australia
2014-03-03,21.0,0.013504823151125401,Australia
2014-03-10,21.0,0.013504823151125401,Australia
2014-03-17,17.0,0.010932475884244373,Australia
2014-03-24,16.0,0.010289389067524116,Australia
2014-03-31,21.0,0.013504823151125401,Australia
2014-04-07,19.0,0.012218649517684888,Australia
2014-04-14,17.0,0.010932475884244373,Australia
2014-04-21,8.0,0.005144694533762058,Australia
2014-04-28,9.0,0.005787781350482315,Australia
2014-05-05,16.0,0.010289389067524116,Australia
2014-05-12,19.0,0.012218649517684888,Australia
2014-05-19,19.0,0.012218649517684888,Australia
2014-05-26,14.0,0.0090032154340836,Australia
2014-06-02,14.0,0.0090032154340836,Australia
2014-06-09,19.0,0.012218649517684888,Australia
2014-06-16,23.0,0.014790996784565916,Australia
2014-06-23,51.0,0.03279742765273312,Australia
2014-06-30,91.0,0.05852090032154341,Australia
2014-07-07,125.0,0.08038585209003216,Australia
2014-07-14,184.0,0.11832797427652733,Australia
2014-07-21,188.0,0.12090032154340837,Australia
2014-07-28,217.0,0.1395498392282958,Australia
2014-08-04,277.0,0.17813504823151124,Australia
2014-08-11,268.0,0.17234726688102894,Australia
2014-08-18,320.0,0.2057877813504823,Australia
2014-08-25,271.0,0.1742765273311897,Australia
2014-09-01,217.0,0.1395498392282958,Australia
2014-09-08,187.0,0.1202572347266881,Australia
2014-09-15,150.0,0.09646302250803858,Australia
2014-09-22,110.0,0.0707395498392283,Australia
2014-09-29,72.0,0.04630225080385852,Australia
2014-10-06,58.0,0.03729903536977492,Australia
2014-10-13,29.0,0.01864951768488746,Australia
2014-10-20,28.0,0.0180064308681672,Australia
2014-10-27,24.0,0.015434083601286173,Australia
2014-11-03,25.0,0.01607717041800643,Australia
2014-11-10,26.0,0.016720257234726688,Australia
2014-11-17,8.0,0.005144694533762058,Australia
2014-11-24,6.0,0.0038585209003215433,Australia
2014-12-01,12.0,0.0077170418006430866,Australia
2014-12-08,15.0,0.00964630225080386,Australia
2014-12-15,7.0,0.0045016077170418,Australia
2014-12-22,14.0,0.0090032154340836,Australia
2014-12-29,3.0,0.0019292604501607716,Australia
2015-01-05,20.0,0.012861736334405145,Australia
2015-01-12,23.0,0.014790996784565916,Australia
2015-01-19,18.0,0.01157556270096463,Australia
2015-01-26,16.0,0.010289389067524116,Australia
2015-02-02,24.0,0.015434083601286173,Australia
2015-02-09,22.0,0.01414790996784566,Australia
2015-02-16,30.0,0.01929260450160772,Australia
2015-02-23,20.0,0.012861736334405145,Australia
2015-03-02,22.0,0.01414790996784566,Australia
2015-03-09,20.0,0.012861736334405145,Australia
2015-03-16,19.0,0.012218649517684888,Australia
2015-03-23,28.0,0.0180064308681672,Australia
2015-03-30,37.0,0.023794212218649517,Australia
2015-04-06,22.0,0.01414790996784566,Australia
2015-04-13,25.0,0.01607717041800643,Australia
2015-04-20,39.0,0.02508038585209003,Australia
2015-04-27,41.0,0.026366559485530548,Australia
2015-05-04,25.0,0.01607717041800643,Australia
2015-05-11,42.0,0.027009646302250803,Australia
2015-05-18,47.0,0.03022508038585209,Australia
2015-05-25,41.0,0.026366559485530548,Australia
2015-06-01,63.0,0.04051446945337621,Australia
2015-06-08,71.0,0.04565916398713826,Australia
2015-06-15,72.0,0.04630225080385852,Australia
2015-06-22,82.0,0.052733118971061095,Australia
2015-06-29,146.0,0.09389067524115756,Australia
2015-07-06,130.0,0.08360128617363344,Australia
2015-07-13,132.0,0.08488745980707396,Australia
2015-07-20,155.0,0.09967845659163987,Australia
2015-07-27,154.0,0.09903536977491961,Australia
2015-08-03,203.0,0.13054662379421222,Australia
2015-08-10,175.0,0.11254019292604502,Australia
2015-08-17,251.0,0.16141479099678457,Australia
2015-08-24,185.0,0.1189710610932476,Australia
2015-08-31,170.0,0.10932475884244373,Australia
2015-09-07,159.0,0.1022508038585209,Australia
2015-09-14,181.0,0.11639871382636656,Australia
2015-09-21,189.0,0.12154340836012861,Australia
2015-09-28,113.0,0.07266881028938907,Australia
2015-10-05,85.0,0.05466237942122187,Australia
2015-10-12,68.0,0.04372990353697749,Australia
2015-10-19,41.0,0.026366559485530548,Australia
2015-10-26,27.0,0.017363344051446947,Australia
2015-11-02,30.0,0.01929260450160772,Australia
2015-11-09,35.0,0.022508038585209004,Australia
2015-11-16,12.0,0.0077170418006430866,Australia
2015-11-23,11.0,0.00707395498392283,Australia
2015-11-30,24.0,0.015434083601286173,Australia
2015-12-07,31.0,0.019935691318327974,Australia
2015-12-14,17.0,0.010932475884244373,Australia
2015-12-21,23.0,0.014790996784565916,Australia
2015-12-28,6.0,0.0038585209003215433,Australia
2016-01-04,27.0,0.017363344051446947,Australia
2016-01-11,19.0,0.012218649517684888,Australia
2016-01-18,12.0,0.0077170418006430866,Australia
2016-01-25,17.0,0.010932475884244373,Australia
2016-02-01,23.0,0.014790996784565916,Australia
2016-02-08,30.0,0.01929260450160772,Australia
2016-02-15,19.0,0.012218649517684888,Australia
2016-02-22,27.0,0.017363344051446947,Australia
2016-02-29,29.0,0.01864951768488746,Australia
2016-03-07,26.0,0.016720257234726688,Australia
2016-03-14,22.0,0.01414790996784566,Australia
2016-03-21,28.0,0.0180064308681672,Australia
2016-03-28,12.0,0.0077170418006430866,Australia
2016-04-04,20.0,0.012861736334405145,Australia
2016-04-11,23.0,0.014790996784565916,Australia
2016-04-18,12.0,0.0077170418006430866,Australia
2016-04-25,11.0,0.00707395498392283,Australia
2016-05-02,19.0,0.012218649517684888,Australia
2016-05-09,31.0,0.019935691318327974,Australia
2016-05-16,44.0,0.02829581993569132,Australia
2016-05-23,33.0,0.02122186495176849,Australia
2016-05-30,47.0,0.03022508038585209,Australia
2016-06-06,48.0,0.030868167202572346,Australia
2016-06-13,64.0,0.041157556270096464,Australia
2016-06-20,77.0,0.049517684887459806,Australia
2016-06-27,116.0,0.07459807073954984,Australia
2016-07-04,132.0,0.08488745980707396,Australia
2016-07-11,176.0,0.11318327974276528,Australia
2016-07-18,280.0,0.18006430868167203,Australia
2016-07-25,297.0,0.1909967845659164,Australia
2016-08-01,351.0,0.2257234726688103,Australia
2016-08-08,433.0,0.2784565916398714,Australia
2016-08-15,569.0,0.36591639871382636,Australia
2016-08-22,554.0,0.3562700964630225,Australia
2016-08-29,611.0,0.3929260450160772,Australia
2016-09-05,602.0,0.38713826366559484,Australia
2016-09-12,433.0,0.2784565916398714,Australia
2016-09-19,379.0,0.2437299035369775,Australia
2016-09-26,273.0,0.17556270096463023,Australia
2016-10-03,226.0,0.14533762057877814,Australia
2016-10-10,155.0,0.09967845659163987,Australia
2016-10-17,82.0,0.052733118971061095,Australia
2016-10-24,61.0,0.03922829581993569,Australia
2016-10-31,60.0,0.03858520900321544,Australia
2016-11-07,34.0,0.021864951768488745,Australia
2016-11-14,26.0,0.016720257234726688,Australia
2016-11-21,32.0,0.020578778135048232,Australia
2016-11-28,20.0,0.012861736334405145,Australia
2016-12-05,19.0,0.012218649517684888,Australia
2016-12-12,21.0,0.013504823151125401,Australia
2016-12-19,30.0,0.01929260450160772,Australia
2016-12-26,13.0,0.008360128617363344,Australia
2017-01-02,36.0,0.02315112540192926,Australia
2017-01-09,32.0,0.020578778135048232,Australia
2017-01-16,28.0,0.0180064308681672,Australia
2017-01-23,39.0,0.02508038585209003,Australia
2017-01-30,51.0,0.03279742765273312,Australia
2017-02-06,41.0,0.026366559485530548,Australia
2017-02-13,33.0,0.02122186495176849,Australia
2017-02-20,50.0,0.03215434083601286,Australia
2017-02-27,27.0,0.017363344051446947,Australia
2017-03-06,20.0,0.012861736334405145,Australia
2017-03-13,32.0,0.020578778135048232,Australia
2017-03-20,36.0,0.02315112540192926,Australia
2017-03-27,40.0,0.02572347266881029,Australia
2017-04-03,21.0,0.013504823151125401,Australia
2017-04-10,18.0,0.01157556270096463,Australia
2017-04-17,11.0,0.00707395498392283,Australia
2017-04-24,14.0,0.0090032154340836,Australia
2017-05-01,27.0,0.017363344051446947,Australia
2017-05-08,19.0,0.012218649517684888,Australia
2017-05-15,32.0,0.020578778135048232,Australia
2017-05-22,41.0,0.026366559485530548,Australia
2017-05-29,27.0,0.017363344051446947,Australia
2017-06-05,31.0,0.019935691318327974,Australia
2017-06-12,51.0,0.03279742765273312,Australia
2017-06-19,88.0,0.05659163987138264,Australia
2017-06-26,82.0,0.052733118971061095,Australia
2017-07-03,170.0,0.10932475884244373,Australia
2017-07-10,284.0,0.18263665594855305,Australia
2017-07-17,437.0,0.2810289389067524,Australia
2017-07-24,428.0,0.2752411575562701,Australia
2017-07-31,619.0,0.39807073954983924,Australia
2017-08-07,817.0,0.5254019292604502,Australia
2017-08-14,901.0,0.5794212218649518,Australia
2017-08-21,876.0,0.5633440514469453,Australia
2017-08-28,804.0,0.5170418006430868,Australia
2017-09-04,960.0,0.617363344051447,Australia
2017-09-11,869.0,0.5588424437299035,Australia
2017-09-18,721.0,0.46366559485530545,Australia
2017-09-25,529.0,0.34019292604501605,Australia
2017-10-02,347.0,0.22315112540192927,Australia
2017-10-09,228.0,0.14662379421221866,Australia
2017-10-16,128.0,0.08231511254019293,Australia
2017-10-23,78.0,0.05016077170418006,Australia
2017-10-30,76.0,0.04887459807073955,Australia
2017-11-06,62.0,0.03987138263665595,Australia
2017-11-13,49.0,0.031511254019292605,Australia
2017-11-20,35.0,0.022508038585209004,Australia
2017-11-27,43.0,0.02765273311897106,Australia
2017-12-04,30.0,0.01929260450160772,Australia
2017-12-11,32.0,0.020578778135048232,Australia
2017-12-18,30.0,0.01929260450160772,Australia
2017-12-25,29.0,0.01864951768488746,Australia
2018-01-01,47.0,0.03022508038585209,Australia
2018-01-08,30.0,0.01929260450160772,Australia
2018-01-15,36.0,0.02315112540192926,Australia
2018-01-22,56.0,0.0360128617363344,Australia
2018-01-29,53.0,0.03408360128617363,Australia
2018-02-05,36.0,0.02315112540192926,Australia
2018-02-12,73.0,0.04694533762057878,Australia
2018-02-19,53.0,0.03408360128617363,Australia
2018-02-26,37.0,0.023794212218649517,Australia
2018-03-05,32.0,0.020578778135048232,Australia
2018-03-12,22.0,0.01414790996784566,Australia
2018-03-19,28.0,0.0180064308681672,Australia
2018-03-26,25.0,0.01607717041800643,Australia
2018-04-02,30.0,0.01929260450160772,Australia
2018-04-09,14.0,0.0090032154340836,Australia
2018-04-16,23.0,0.014790996784565916,Australia
2018-04-23,18.0,0.01157556270096463,Australia
2018-04-30,31.0,0.019935691318327974,Australia
2018-05-07,32.0,0.020578778135048232,Australia
2018-05-14,33.0,0.02122186495176849,Australia
2018-05-21,24.0,0.015434083601286173,Australia
2018-05-28,24.0,0.015434083601286173,Australia
2018-06-04,25.0,0.01607717041800643,Australia
2018-06-11,44.0,0.02829581993569132,Australia
2018-06-18,41.0,0.026366559485530548,Australia
2018-06-25,72.0,0.04630225080385852,Australia
2018-07-02,67.0,0.043086816720257236,Australia
2018-07-09,96.0,0.06173633440514469,Australia
2018-07-16,73.0,0.04694533762057878,Australia
2018-07-23,88.0,0.05659163987138264,Australia
2018-07-30,71.0,0.04565916398713826,Australia
2018-08-06,119.0,0.07652733118971061,Australia
2018-08-13,154.0,0.09903536977491961,Australia
2018-08-20,200.0,0.12861736334405144,Australia
2018-08-27,210.0,0.13504823151125403,Australia
2018-09-03,174.0,0.11189710610932475,Australia
2018-09-10,252.0,0.16205787781350484,Australia
2018-09-17,240.0,0.15434083601286175,Australia
2018-09-24,170.0,0.10932475884244373,Australia
2018-10-01,183.0,0.11768488745980707,Australia
2018-10-08,118.0,0.07588424437299035,Australia
2018-10-15,83.0,0.05337620578778135,Australia
2018-10-22,59.0,0.037942122186495175,Australia
2018-10-29,43.0,0.02765273311897106,Australia
2018-11-05,53.0,0.03408360128617363,Australia
2018-11-12,70.0,0.04501607717041801,Australia
2018-11-19,113.0,0.07266881028938907,Australia
2018-11-26,117.0,0.0752411575562701,Australia
2018-12-03,189.0,0.12154340836012861,Australia
2018-12-10,129.0,0.08295819935691319,Australia
2018-12-17,145.0,0.0932475884244373,Australia
2018-12-24,109.0,0.07009646302250803,Australia
2018-12-31,87.0,0.05594855305466238,Australia
2019-01-07,102.0,0.06559485530546624,Australia
2019-01-14,125.0,0.08038585209003216,Australia
2019-01-21,97.0,0.062379421221864954,Australia
2019-01-28,110.0,0.0707395498392283,Australia
2019-02-04,106.0,0.06816720257234726,Australia
2019-02-11,104.0,0.06688102893890675,Australia
2019-02-18,125.0,0.08038585209003216,Australia
2019-02-25,134.0,0.08617363344051447,Australia
2019-03-04,97.0,0.062379421221864954,Australia
2019-03-11,111.0,0.07138263665594856,Australia
2019-03-18,74.0,0.047588424437299034,Australia
2019-03-25,81.0,0.05209003215434083,Australia
2019-04-01,98.0,0.06302250803858521,Australia
2019-04-08,144.0,0.09260450160771704,Australia
2019-04-15,178.0,0.11446945337620579,Australia
2019-04-22,210.0,0.13504823151125403,Australia
2019-04-29,222.0,0.14276527331189712,Australia
2019-05-06,257.0,0.16527331189710612,Australia
2019-05-13,385.0,0.24758842443729903,Australia
2019-05-20,686.0,0.44115755627009645,Australia
2019-05-27,707.0,0.45466237942122184,Australia
2019-06-03,912.0,0.5864951768488746,Australia
2019-06-10,842.0,0.5414790996784566,Australia
2019-06-17,891.0,0.5729903536977492,Australia
2019-06-24,1002.0,0.6443729903536978,Australia
2019-07-01,867.0,0.557556270096463,Australia
2019-07-08,662.0,0.4257234726688103,Australia
2019-07-15,607.0,0.39035369774919615,Australia
2019-07-22,461.0,0.2964630225080386,Australia
2019-07-29,381.0,0.245016077170418,Australia
2019-08-05,421.0,0.2707395498392283,Australia
2019-08-12,428.0,0.2752411575562701,Australia
2019-08-19,476.0,0.30610932475884245,Australia
2019-08-26,359.0,0.23086816720257236,Australia
2019-09-02,294.0,0.18906752411575561,Australia
2019-09-09,224.0,0.1440514469453376,Australia
2019-09-16,181.0,0.11639871382636656,Australia
2019-09-23,159.0,0.1022508038585209,Australia
2019-09-30,107.0,0.06881028938906752,Australia
2019-10-07,100.0,0.06430868167202572,Australia
2019-10-14,56.0,0.0360128617363344,Australia
2019-10-21,45.0,0.028938906752411574,Australia
2019-10-28,34.0,0.021864951768488745,Australia
2019-11-04,22.0,0.01414790996784566,Australia
2019-11-11,25.0,0.01607717041800643,Australia
2019-11-18,26.0,0.016720257234726688,Australia
2019-11-25,40.0,0.02572347266881029,Australia
2019-12-02,54.0,0.03472668810289389,Australia
2019-12-09,42.0,0.027009646302250803,Australia
2019-12-16,18.0,0.01157556270096463,Australia
2019-12-23,26.0,0.016720257234726688,Australia
2019-12-30,42.0,0.027009646302250803,Australia
2020-01-06,60.0,0.03858520900321544,Australia
2020-01-13,56.0,0.0360128617363344,Australia
2020-01-20,113.0,0.07266881028938907,Australia
2020-01-27,84.0,0.054019292604501605,Australia
2020-02-03,80.0,0.05144694533762058,Australia
2020-02-10,67.0,0.043086816720257236,Australia
2020-02-17,62.0,0.03987138263665595,Australia
2020-02-24,72.0,0.04630225080385852,Australia
2020-03-02,94.0,0.06045016077170418,Australia
2020-03-09,108.0,0.06945337620578779,Australia
2020-03-16,48.0,0.030868167202572346,Australia
2020-03-23,27.0,0.017363344051446947,Australia
2020-03-30,15.0,0.00964630225080386,Australia
2020-04-06,6.0,0.0038585209003215433,Australia
2020-04-13,3.0,0.0019292604501607716,Australia
2020-04-20,7.0,0.0045016077170418,Australia
2020-04-27,0.0,0.0,Australia
2020-05-04,0.0,0.0,Australia
2020-05-11,0.0,0.0,Australia
2020-05-18,0.0,0.0,Australia
2020-05-25,0.0,0.0,Australia
2020-06-01,0.0,0.0,Australia
2020-06-08,0.0,0.0,Australia
2020-06-15,1.0,0.0006430868167202572,Australia
2020-06-22,0.0,0.0,Australia
2020-06-29,1.0,0.0006430868167202572,Australia
2020-07-06,1.0,0.0006430868167202572,Australia
2020-07-13,2.0,0.0012861736334405145,Australia
2020-07-20,0.0,0.0,Australia
2020-07-27,0.0,0.0,Australia
2020-08-03,0.0,0.0,Australia
2020-08-10,0.0,0.0,Australia
2020-08-17,0.0,0.0,Australia
2020-08-24,0.0,0.0,Australia
2020-08-31,0.0,0.0,Australia
2020-09-07,0.0,0.0,Australia
2020-09-14,0.0,0.0,Australia
2020-09-21,0.0,0.0,Australia
2020-09-28,0.0,0.0,Australia
2020-10-05,0.0,0.0,Australia
2020-10-12,0.0,0.0,Australia
2020-10-19,0.0,0.0,Australia
2020-10-26,0.0,0.0,Australia
2020-11-02,0.0,0.0,Australia
2020-11-09,0.0,0.0,Australia
2020-11-16,0.0,0.0,Australia
2020-11-23,0.0,0.0,Australia
2020-11-30,0.0,0.0,Australia
2020-12-07,0.0,0.0,Australia
2020-12-14,0.0,0.0,Australia
2020-12-21,0.0,0.0,Australia
2020-12-28,0.0,0.0,Australia
2021-01-04,0.0,0.0,Australia
2021-01-11,0.0,0.0,Australia
2021-01-18,0.0,0.0,Australia
2021-01-25,0.0,0.0,Australia
2021-02-01,0.0,0.0,Australia
2021-02-08,1.0,0.0006430868167202572,Australia
2021-02-15,0.0,0.0,Australia
2021-02-22,0.0,0.0,Australia
2021-03-01,0.0,0.0,Australia
2021-03-08,0.0,0.0,Australia
2021-03-15,0.0,0.0,Australia
2021-03-22,0.0,0.0,Australia
2021-03-29,0.0,0.0,Australia
2021-04-05,0.0,0.0,Australia
2021-04-12,0.0,0.0,Australia
2021-04-19,0.0,0.0,Australia
2021-04-26,0.0,0.0,Australia
2021-05-03,0.0,0.0,Australia
2021-05-10,0.0,0.0,Australia
2021-05-17,0.0,0.0,Australia
2021-05-24,0.0,0.0,Australia
2021-05-31,0.0,0.0,Australia
2021-06-07,0.0,0.0,Australia
2021-06-14,0.0,0.0,Australia
2021-06-21,0.0,0.0,Australia
2021-06-28,0.0,0.0,Australia
2021-07-05,0.0,0.0,Australia
2021-07-12,0.0,0.0,Australia
2021-07-19,1.0,0.0006430868167202572,Australia
2021-07-26,1.0,0.0006430868167202572,Australia
2021-08-02,0.0,0.0,Australia
2021-08-09,0.0,0.0,Australia
2021-08-16,0.0,0.0,Australia
2021-08-23,0.0,0.0,Australia
2021-08-30,1.0,0.0006430868167202572,Australia
2021-09-06,0.0,0.0,Australia
2021-09-13,0.0,0.0,Australia
2021-09-20,0.0,0.0,Australia
2021-09-27,0.0,0.0,Australia
2021-10-04,1.0,0.0006430868167202572,Australia
2021-10-11,0.0,0.0,Australia
2021-10-18,0.0,0.0,Australia
2021-10-25,0.0,0.0,Australia
2021-11-01,0.0,0.0,Australia
2021-11-08,0.0,0.0,Australia
2021-11-15,1.0,0.0006430868167202572,Australia
2021-11-22,1.0,0.0006430868167202572,Australia
2021-11-29,1.0,0.0006430868167202572,Australia
2021-12-06,0.0,0.0,Australia
2021-12-13,0.0,0.0,Australia
2021-12-20,0.0,0.0,Australia
2021-12-27,0.0,0.0,Australia
2022-01-03,28.0,0.0180064308681672,Australia
2022-01-10,26.0,0.016720257234726688,Australia
2022-01-17,21.0,0.013504823151125401,Australia
2022-01-24,22.0,0.01414790996784566,Australia
2022-01-31,27.0,0.017363344051446947,Australia
2022-02-07,65.0,0.04180064308681672,Australia
2022-02-14,36.0,0.02315112540192926,Australia
2022-02-21,37.0,0.023794212218649517,Australia
2022-02-28,51.0,0.03279742765273312,Australia
2022-03-07,66.0,0.04244372990353698,Australia
2022-03-14,91.0,0.05852090032154341,Australia
2022-03-21,116.0,0.07459807073954984,Australia
2022-03-28,186.0,0.11961414790996784,Australia
2022-04-04,176.0,0.11318327974276528,Australia
2022-04-11,183.0,0.11768488745980707,Australia
2022-04-18,229.0,0.1472668810289389,Australia
2022-04-25,269.0,0.1729903536977492,Australia
2022-05-02,410.0,0.26366559485530544,Australia
2022-05-09,667.0,0.4289389067524116,Australia
2022-05-16,1094.0,0.7035369774919614,Australia
2022-05-23,922.0,0.5929260450160772,Australia
2022-05-30,1054.0,0.6778135048231512,Australia
2022-06-06,1395.0,0.8971061093247589,Australia
2022-06-13,1555.0,1.0,Australia
2022-06-20,1455.0,0.9356913183279743,Australia
2022-06-27,1065.0,0.684887459807074,Australia
2022-07-04,855.0,0.5498392282958199,Australia
2022-07-11,480.0,0.3086816720257235,Australia
2022-07-18,275.0,0.17684887459807075,Australia
2022-07-25,241.0,0.15498392282958198,Australia
2022-08-01,193.0,0.12411575562700965,Australia
2022-08-08,192.0,0.12347266881028938,Australia
2022-08-15,156.0,0.10032154340836012,Australia
2022-08-22,59.0,0.037942122186495175,Australia
2022-08-29,46.0,0.029581993569131833,Australia
2022-09-05,60.0,0.03858520900321544,Australia
2022-09-12,49.0,0.031511254019292605,Australia
2022-09-19,40.0,0.02572347266881029,Australia
2022-09-26,56.0,0.0360128617363344,Australia
2022-10-03,34.0,0.021864951768488745,Australia
2022-10-10,40.0,0.02572347266881029,Australia
2022-10-17,44.0,0.02829581993569132,Australia
2022-10-24,32.0,0.020578778135048232,Australia
2022-10-31,66.0,0.04244372990353698,Australia
2022-11-07,57.0,0.036655948553054665,Australia
2022-11-14,73.0,0.04694533762057878,Australia
2022-11-21,59.0,0.037942122186495175,Australia
2022-11-28,56.0,0.0360128617363344,Australia
2022-12-05,79.0,0.05080385852090032,Australia
2022-12-12,52.0,0.033440514469453377,Australia
2022-12-19,50.0,0.03215434083601286,Australia
2022-12-26,64.0,0.041157556270096464,Australia
2023-01-02,71.0,0.04565916398713826,Australia
2023-01-09,65.0,0.04180064308681672,Australia
2023-01-16,43.0,0.02765273311897106,Australia
2023-01-23,48.0,0.030868167202572346,Australia
2023-01-30,46.0,0.029581993569131833,Australia
2023-02-06,87.0,0.05594855305466238,Australia
2023-02-13,64.0,0.041157556270096464,Australia
2023-02-20,78.0,0.05016077170418006,Australia
2023-02-27,98.0,0.06302250803858521,Australia
2023-03-06,116.0,0.07459807073954984,Australia
2023-03-13,134.0,0.08617363344051447,Australia
2023-03-20,142.0,0.09131832797427653,Australia
2023-03-27,186.0,0.11961414790996784,Australia
2023-04-03,182.0,0.11704180064308682,Australia
2023-04-10,228.0,0.14662379421221866,Australia
2023-04-17,204.0,0.1311897106109325,Australia
2023-04-24,259.0,0.1665594855305466,Australia
2023-05-01,216.0,0.13890675241157557,Australia
2023-05-08,301.0,0.19356913183279742,Australia
2023-05-15,395.0,0.2540192926045016,Australia
2023-05-22,582.0,0.3742765273311897,Australia
2023-05-29,772.0,0.4964630225080386,Australia
2023-06-05,848.0,0.5453376205787781,Australia
2023-06-12,882.0,0.5672025723472669,Australia
2023-06-19,886.0,0.569774919614148,Australia
2023-06-26,1027.0,0.6604501607717042,Australia
2023-07-03,1175.0,0.7556270096463023,Australia
2023-07-10,741.0,0.47652733118971063,Australia
2023-07-17,547.0,0.3517684887459807,Australia
2023-07-24,480.0,0.3086816720257235,Australia
2023-07-31,438.0,0.28167202572347266,Australia
2023-08-07,407.0,0.2617363344051447,Australia
2023-08-14,326.0,0.20964630225080386,Australia
2023-08-21,328.0,0.21093247588424438,Australia
2023-08-28,277.0,0.17813504823151124,Australia
2023-09-04,263.0,0.16913183279742766,Australia
2023-09-11,232.0,0.14919614147909968,Australia
2023-09-18,246.0,0.1581993569131833,Australia
2023-09-25,185.0,0.1189710610932476,Australia
2023-10-02,164.0,0.10546623794212219,Australia
2023-10-09,148.0,0.09517684887459807,Australia
2023-10-16,145.0,0.0932475884244373,Australia
2023-10-23,180.0,0.1157556270096463,Australia
2023-10-30,207.0,0.13311897106109324,Australia
2023-11-06,200.0,0.12861736334405144,Australia
2023-11-13,147.0,0.09453376205787781,Australia
2023-11-20,124.0,0.0797427652733119,Australia
2023-11-27,119.0,0.07652733118971061,Australia
2023-12-04,169.0,0.10868167202572347,Australia
2023-12-11,158.0,0.10160771704180065,Australia
2023-12-18,31.0,0.019935691318327974,Australia
2023-12-25,30.0,0.01929260450160772,Australia
2024-01-01,30.0,0.01929260450160772,Australia
2024-01-08,45.0,0.028938906752411574,Australia
2024-01-15,109.0,0.07009646302250803,Australia
2024-01-22,99.0,0.06366559485530547,Australia
2024-01-29,100.0,0.06430868167202572,Australia
2024-02-05,58.0,0.03729903536977492,Australia
2024-02-12,84.0,0.054019292604501605,Australia
2024-02-19,96.0,0.06173633440514469,Australia
2024-02-26,91.0,0.05852090032154341,Australia
2024-03-04,119.0,0.07652733118971061,Australia
2024-03-11,126.0,0.08102893890675242,Australia
2024-03-18,137.0,0.08810289389067524,Australia
2024-03-25,141.0,0.09067524115755626,Australia
2024-04-01,137.0,0.08810289389067524,Australia
2024-04-08,103.0,0.06623794212218649,Australia
2024-04-15,160.0,0.10289389067524116,Australia
2024-04-22,150.0,0.09646302250803858,Australia
2024-04-29,213.0,0.1369774919614148,Australia
2024-05-06,287.0,0.18456591639871384,Australia
2024-05-13,371.0,0.23858520900321542,Australia
2024-05-20,408.0,0.262379421221865,Australia
2024-05-27,523.0,0.33633440514469454,Australia
2024-06-03,591.0,0.380064308681672,Australia
2024-06-10,774.0,0.4977491961414791,Australia
2024-06-17,868.0,0.5581993569131832,Australia
2024-06-24,1138.0,0.7318327974276527,Australia
2024-07-01,1373.0,0.8829581993569132,Australia
2024-07-08,1251.0,0.8045016077170418,Australia
2024-07-15,917.0,0.5897106109324759,Australia
2024-07-22,785.0,0.5048231511254019,Australia
2024-07-29,622.0,0.4,Australia
2024-08-05,658.0,0.4231511254019293,Australia
2024-08-12,538.0,0.3459807073954984,Australia
2024-08-19,486.0,0.312540192926045,Australia
2024-08-26,360.0,0.2315112540192926,Australia
2024-09-02,317.0,0.20385852090032155,Australia
2024-09-09,278.0,0.1787781350482315,Australia
2024-09-16,254.0,0.16334405144694533,Australia
2024-09-23,213.0,0.1369774919614148,Australia
2024-09-30,171.0,0.10996784565916398,Australia
2024-10-07,97.0,0.062379421221864954,Australia
2024-10-14,57.0,0.036655948553054665,Australia
2024-10-21,52.0,0.033440514469453377,Australia
2024-10-28,67.0,0.043086816720257236,Australia
2024-11-04,64.0,0.041157556270096464,Australia
2024-11-11,76.0,0.04887459807073955,Australia
2024-11-18,65.0,0.04180064308681672,Australia
2024-11-25,68.0,0.04372990353697749,Australia
2024-12-02,63.0,0.04051446945337621,Australia
2024-12-09,63.0,0.04051446945337621,Australia
2024-12-16,41.0,0.026366559485530548,Australia
2024-12-23,50.0,0.03215434083601286,Australia
2024-12-30,82.0,0.052733118971061095,Australia
2025-01-06,146.0,0.09389067524115756,Australia
2025-01-13,127.0,0.08167202572347267,Australia
2025-01-20,131.0,0.0842443729903537,Australia
2025-01-27,128.0,0.08231511254019293,Australia
2025-02-03,208.0,0.1337620578778135,Australia
2025-02-10,207.0,0.13311897106109324,Australia
2025-02-17,239.0,0.1536977491961415,Australia
2025-02-24,245.0,0.15755627009646303,Australia
2025-03-03,240.0,0.15434083601286175,Australia
2025-03-10,198.0,0.12733118971061094,Australia
2025-03-17,225.0,0.14469453376205788,Australia
2025-03-24,213.0,0.1369774919614148,Australia
2025-03-31,204.0,0.1311897106109325,Australia
2025-04-07,230.0,0.14790996784565916,Australia
2025-04-14,227.0,0.1459807073954984,Australia
2025-04-21,244.0,0.15691318327974277,Australia
2025-04-28,170.0,0.10932475884244373,Australia
2025-05-05,158.0,0.10160771704180065,Australia
2025-05-12,187.0,0.1202572347266881,Australia
2025-05-19,256.0,0.16463022508038586,Australia
2025-05-26,300.0,0.19292604501607716,Australia
2025-06-02,382.0,0.24565916398713827,Australia
2025-06-09,399.0,0.2565916398713826,Australia
2025-06-16,482.0,0.30996784565916397,Australia
2025-06-23,534.0,0.34340836012861736,Australia
2025-06-30,666.0,0.4282958199356913,Australia
2025-07-07,677.0,0.43536977491961415,Australia
2025-07-14,621.0,0.39935691318327976,Australia
2025-07-21,735.0,0.47266881028938906,Australia
2025-07-28,640.0,0.4115755627009646,Australia
2025-08-04,581.0,0.37363344051446945,Australia
2025-08-11,554.0,0.3562700964630225,Australia
2025-08-18,506.0,0.32540192926045014,Australia
2025-08-25,436.0,0.28038585209003214,Australia
2025-09-01,432.0,0.27781350482315115,Australia
2025-09-08,415.0,0.26688102893890675,Australia
2025-09-15,308.0,0.19807073954983923,Australia
2025-09-22,265.0,0.17041800643086816,Australia
2025-09-29,227.0,0.1459807073954984,Australia
2025-10-06,192.0,0.12347266881028938,Australia
2025-10-13,154.0,0.09903536977491961,Australia
2025-10-20,147.0,0.09453376205787781,Australia
2025-10-27,144.0,0.09260450160771704,Australia
2025-11-03,148.0,0.09517684887459807,Australia
2025-11-10,156.0,0.10032154340836012,Australia
2025-11-17,167.0,0.10739549839228296,Australia
2025-11-24,164.0,0.10546623794212219,Australia
2025-12-01,177.0,0.11382636655948553,Australia
2025-12-08,224.0,0.1440514469453376,Australia
2025-12-15,192.0,0.12347266881028938,Australia
2025-12-22,121.0,0.07781350482315112,Australia
2025-12-29,112.0,0.0720257234726688,Australia
2026-01-05,81.0,0.05209003215434083,Australia
2026-01-12,97.0,0.062379421221864954,Australia
2026-01-19,31.0,0.019935691318327974,Australia
2026-01-26,33.0,0.02122186495176849,Australia
2026-02-02,37.0,0.023794212218649517,Australia
2026-02-09,46.0,0.029581993569131833,Australia
2026-02-16,42.0,0.027009646302250803,Australia
2026-02-23,27.0,0.017363344051446947,Australia
2026-03-02,28.0,0.0180064308681672,Australia
2026-03-09,31.0,0.019935691318327974,Australia
2026-03-16,28.0,0.0180064308681672,Australia
2026-03-23,38.0,0.024437299035369776,Australia
2026-03-30,38.0,0.024437299035369776,Australia
2026-04-06,23.0,0.014790996784565916,Australia
2026-04-13,16.0,0.010289389067524116,Australia
2026-04-20,12.0,0.0077170418006430866,Australia
