week_date,R03,R06,flu_au_positives,flu_au_lagged,flu_eu_positives,R03_lag1,R03_lag4_avg,R06_lag1,trends_gripe_es_lag1,trends_resfriado_es_lag1,trends_paracetamol_es_lag1,temp_europe_lag12,humidity_europe_lag0
2014-02-02,29.0,12.0,19.0,81.0,2517.0,23.0,26.25,10.0,14.000000000000002,44.0,28.000000000000004,0.7972972972972973,82.93050193050193
2014-02-09,31.0,6.0,31.0,104.0,2916.0,29.0,25.5,12.0,14.000000000000002,44.0,28.000000000000004,0.7972972972972973,82.97490347490348
2014-02-16,18.0,16.2,26.0,99.0,3092.0,31.0,28.0,6.0,5.0,38.0,25.0,0.7972972972972973,82.36679536679537
2014-02-23,35.0,7.0,16.0,128.0,3094.0,18.0,25.25,16.2,5.0,38.0,25.0,0.7972972972972973,81.92471042471043
2014-03-02,16.0,10.1,33.0,159.0,2743.0,35.0,28.25,7.0,5.0,38.0,25.0,0.7972972972972973,81.76833976833976
2014-03-09,16.0,9.2,21.0,116.0,2395.0,16.0,25.0,10.1,5.0,38.0,25.0,0.7972972972972973,77.59073359073359
2014-03-16,36.0,19.0,21.0,140.0,2034.0,16.0,21.25,9.2,3.0,27.0,24.0,0.7972972972972973,72.1119691119691
2014-03-23,27.0,23.6,17.0,125.0,1616.0,36.0,25.75,19.0,3.0,27.0,24.0,0.7972972972972973,73.07142857142857
2014-03-30,29.0,24.5,16.0,125.0,1158.0,27.0,23.75,23.6,3.0,27.0,24.0,0.7972972972972973,73.05405405405406
2014-04-06,27.0,20.0,21.0,73.0,1039.0,29.0,27.0,24.5,3.0,27.0,24.0,0.7972972972972973,73.62162162162163
2014-04-13,22.0,20.3,19.0,82.0,847.0,27.0,29.75,20.0,3.0,27.0,24.0,0.7972972972972973,74.4015444015444
2014-04-20,24.0,20.0,17.0,53.0,420.0,22.0,26.25,20.3,2.0,23.0,23.0,0.7972972972972973,67.97490347490347
2014-04-27,16.0,13.0,8.0,42.0,334.0,24.0,25.5,20.0,2.0,23.0,23.0,0.7972972972972973,77.37451737451737
2014-05-04,24.0,13.9,9.0,47.0,217.0,16.0,22.25,13.0,2.0,23.0,23.0,4.017181467181468,72.08880308880309
2014-05-11,15.0,36.0,16.0,32.0,210.0,24.0,21.5,13.9,2.0,23.0,23.0,5.577220077220077,69.39382239382239
2014-05-18,42.0,18.5,19.0,25.0,187.0,15.0,19.75,36.0,2.0,19.0,22.0,6.696332046332047,67.65250965250965
2014-05-25,20.0,36.6,19.0,14.0,143.0,42.0,24.25,18.5,2.0,19.0,22.0,5.655984555984555,68.52316602316603
2014-06-01,19.0,28.1,14.0,32.0,62.0,20.0,25.25,36.6,2.0,19.0,22.0,6.9496138996139,72.53281853281854
2014-06-08,19.0,27.5,14.0,17.0,44.0,19.0,24.0,28.1,2.0,19.0,22.0,8.243822393822395,68.32239382239382
2014-06-15,20.0,36.8,19.0,31.0,29.0,19.0,25.0,27.5,2.0,15.0,22.0,10.49054054054054,66.56756756756756
2014-06-22,11.0,24.0,23.0,8.0,27.0,20.0,19.5,36.8,2.0,15.0,22.0,8.335521235521236,66.85328185328186
2014-06-29,6.0,18.0,51.0,13.0,12.0,11.0,17.25,24.0,2.0,15.0,22.0,11.280501930501927,67.34749034749034
2014-07-06,8.0,10.0,91.0,21.0,9.0,6.0,14.0,18.0,2.0,15.0,22.0,11.873552123552123,67.28957528957528
2014-07-13,27.0,16.2,125.0,23.0,5.0,8.0,11.25,10.0,2.0,15.0,22.0,11.23996138996139,72.31274131274131
2014-07-20,12.0,14.4,184.0,25.0,8.0,27.0,13.0,16.2,2.0,20.0,26.0,13.641891891891891,66.07915057915058
2014-07-27,8.0,16.0,188.0,26.0,7.0,12.0,13.25,14.4,2.0,20.0,26.0,12.567181467181468,66.95752895752896
2014-08-03,11.0,16.5,217.0,19.0,11.0,8.0,13.75,16.0,2.0,20.0,26.0,14.394787644787645,68.92277992277992
2014-08-10,3.0,16.9,277.0,31.0,2.0,11.0,14.5,16.5,2.0,20.0,26.0,13.843050193050193,67.92471042471043
2014-08-17,3.0,23.6,268.0,26.0,7.0,3.0,8.5,16.9,3.0,36.0,26.0,17.38069498069498,66.53667953667954
2014-08-24,14.0,11.3,320.0,16.0,11.0,3.0,6.25,23.6,3.0,36.0,26.0,15.615444015444016,65.3880308880309
2014-08-31,12.0,15.0,271.0,33.0,4.0,14.0,7.75,11.3,3.0,36.0,26.0,18.20849420849421,69.88223938223939
2014-09-07,9.0,18.6,217.0,21.0,7.0,12.0,8.0,15.0,3.0,36.0,26.0,20.475482625482623,68.56756756756756
2014-09-14,28.0,10.2,187.0,21.0,17.0,9.0,9.5,18.6,3.0,36.0,26.0,17.621814671814672,71.01737451737452
2014-09-21,44.0,8.0,150.0,17.0,9.0,28.0,15.75,10.2,11.0,56.99999999999999,28.000000000000004,18.32644787644788,72.88223938223938
2014-09-28,2.0,16.0,110.0,16.0,8.0,44.0,23.25,8.0,11.0,56.99999999999999,28.000000000000004,19.612548262548263,73.7123552123552
2014-10-05,81.0,14.0,72.0,21.0,17.0,2.0,20.75,16.0,11.0,56.99999999999999,28.000000000000004,19.92683397683398,77.26833976833977
2014-10-12,21.0,10.5,58.0,19.0,23.0,81.0,38.75,14.0,11.0,56.99999999999999,28.000000000000004,22.815250965250964,80.4092664092664
2014-10-19,28.0,13.1875,29.0,17.0,25.0,21.0,37.0,10.5,6.0,48.0,28.000000000000004,22.69787644787645,82.82432432432434
2014-10-26,30.0,10.0,28.0,8.0,58.0,28.0,33.0,13.1875,6.0,48.0,28.000000000000004,22.387258687258687,76.70270270270271
2014-11-02,39.0,7.0,24.0,9.0,18.0,30.0,40.0,10.0,6.0,48.0,28.000000000000004,22.08243243243243,82.29150579150578
2014-11-09,25.0,6.2,25.0,16.0,37.0,39.0,29.5,7.0,6.0,48.0,28.000000000000004,20.151737451737453,83.66795366795368
2014-11-16,22.0,10.2,26.0,19.0,53.0,25.0,30.5,6.2,7.000000000000001,64.0,33.0,18.26988416988417,86.92084942084942
2014-11-23,38.0,8.7,8.0,19.0,66.0,22.0,29.0,10.2,7.000000000000001,64.0,33.0,19.10965250965251,87.1969111969112
2014-11-30,20.0,18.1,6.0,14.0,130.0,38.0,31.0,8.7,7.000000000000001,64.0,33.0,19.611196911196917,84.33783783783784
2014-12-07,40.0,9.4,12.0,14.0,151.0,20.0,26.25,18.1,7.000000000000001,64.0,33.0,18.81814671814672,84.16023166023167
2014-12-14,21.0,3.0,15.0,19.0,264.0,40.0,30.0,9.4,7.000000000000001,64.0,33.0,18.66235521235521,86.05984555984557
2014-12-21,31.0,6.0,7.0,23.0,556.0,21.0,29.75,3.0,20.0,81.0,40.0,15.077027027027029,86.82625482625483
2014-12-28,54.0,12.0,14.0,51.0,574.0,31.0,28.0,6.0,20.0,81.0,40.0,15.796332046332044,81.78957528957528
2015-01-04,25.25,10.0,3.0,91.0,1068.0,54.0,36.5,12.0,20.0,81.0,40.0,15.254054054054055,79.5926640926641
2015-01-11,39.0,10.0,20.0,125.0,2099.0,25.25,32.8125,10.0,20.0,81.0,40.0,15.41872586872587,82.8996138996139
2015-01-18,32.0,9.0,23.0,184.0,3245.0,39.0,37.3125,10.0,18.0,61.0,36.0,12.0972972972973,83.44787644787644
2015-01-25,58.0,8.0,18.0,188.0,4417.0,32.0,37.5625,9.0,18.0,61.0,36.0,10.543436293436296,85.72393822393823
2015-02-01,40.0,9.0,16.0,217.0,6016.0,58.0,38.5625,8.0,18.0,61.0,36.0,10.267181467181468,83.31467181467181
2015-02-08,36.0,11.0,24.0,277.0,7816.0,40.0,42.25,9.0,18.0,61.0,36.0,10.048262548262548,79.08880308880309
2015-02-15,65.0,13.0,22.0,268.0,9142.0,36.0,41.5,11.0,7.000000000000001,44.0,32.0,7.7347490347490355,83.27027027027027
2015-02-22,69.0,14.0,30.0,320.0,9523.0,65.0,49.75,13.0,7.000000000000001,44.0,32.0,5.998069498069498,76.88223938223938
2015-03-01,38.0,12.0,20.0,271.0,8094.0,69.0,52.5,14.0,7.000000000000001,44.0,32.0,3.4048262548262547,81.97683397683397
2015-03-08,17.0,10.0,22.0,217.0,5830.0,38.0,52.0,12.0,7.000000000000001,44.0,32.0,4.492664092664093,74.47104247104247
2015-03-15,35.0,13.0,20.0,187.0,4490.0,17.0,47.25,10.0,3.0,34.0,29.0,6.560424710424711,74.8899613899614
2015-03-22,58.0,6.0,19.0,150.0,3245.0,35.0,39.75,13.0,3.0,34.0,29.0,4.67972972972973,72.94980694980696
2015-03-29,58.0,17.0,28.0,110.0,2503.0,58.0,37.0,6.0,3.0,34.0,29.0,1.1397683397683398,78.05791505791505
2015-04-05,15.0,21.0,37.0,72.0,1729.0,58.0,42.0,17.0,3.0,34.0,29.0,3.3162162162162163,71.16023166023166
2015-04-12,40.0,19.0,22.0,58.0,1418.0,15.0,41.5,21.0,3.0,34.0,29.0,4.744787644787644,68.83976833976834
2015-04-19,19.0,26.0,25.0,29.0,902.0,40.0,42.75,19.0,2.0,27.0,27.0,2.3144787644787645,67.84555984555985
2015-04-26,6.0,24.0,39.0,28.0,665.0,19.0,33.0,26.0,2.0,27.0,27.0,3.358301158301159,68.57915057915058
2015-05-03,20.0,41.7,41.0,24.0,418.0,6.0,20.0,24.0,2.0,27.0,27.0,1.17007722007722,72.75289575289575
2015-05-10,26.0,38.8,25.0,25.0,379.0,20.0,21.25,41.7,2.0,27.0,27.0,3.195173745173745,67.77413127413128
2015-05-17,12.0,36.7,42.0,26.0,195.0,26.0,17.75,38.8,2.0,19.0,26.0,3.822200772200772,64.25482625482626
2015-05-24,10.0,29.8,47.0,8.0,155.0,12.0,16.0,36.7,2.0,19.0,26.0,6.212741312741313,64.60810810810811
2015-05-31,51.0,38.5,41.0,6.0,94.0,10.0,17.0,29.8,2.0,19.0,26.0,6.13030888030888,64.55984555984556
2015-06-07,53.0,28.0,63.0,12.0,73.0,51.0,24.75,38.5,2.0,19.0,26.0,6.782818532818532,57.18146718146718
2015-06-14,26.0,27.6,71.0,15.0,58.0,53.0,31.5,28.0,2.0,19.0,26.0,6.778764478764479,59.73745173745174
2015-06-21,83.0,34.9,72.0,7.0,39.0,26.0,35.0,27.6,1.0,15.0,25.0,8.207335907335906,64.16602316602317
2015-06-28,18.0,28.0,82.0,14.0,30.0,83.0,53.25,34.9,1.0,15.0,25.0,8.222586872586872,63.849420849420845
2015-07-05,35.0,30.3,146.0,3.0,24.0,18.0,45.0,28.0,1.0,15.0,25.0,9.45135135135135,56.38996138996139
2015-07-12,21.0,40.5,130.0,20.0,12.0,35.0,40.5,30.3,1.0,15.0,25.0,11.534942084942086,56.23745173745174
2015-07-19,7.0,26.3,132.0,23.0,7.0,21.0,39.25,40.5,1.0,22.0,27.0,12.512355212355214,61.58301158301158
2015-07-26,7.0,25.0,155.0,18.0,16.0,7.0,20.25,26.3,1.0,22.0,27.0,12.224710424710423,59.0096525096525
2015-08-02,3.0,19.5,154.0,16.0,12.0,7.0,17.5,25.0,1.0,22.0,27.0,15.95019305019305,58.92277992277992
2015-08-09,11.0,17.7,203.0,24.0,11.0,3.0,9.5,19.5,1.0,22.0,27.0,15.553861003861003,51.66988416988416
2015-08-16,7.0,20.0,175.0,22.0,5.0,11.0,7.0,17.7,3.0,49.0,29.0,15.07934362934363,58.84749034749034
2015-08-23,10.0,18.0,251.0,30.0,5.0,7.0,7.0,20.0,3.0,49.0,29.0,15.743629343629342,60.65830115830117
2015-08-30,11.0,22.0,185.0,20.0,7.0,10.0,7.75,18.0,3.0,49.0,29.0,19.724517374517376,63.71428571428572
2015-09-06,22.0,21.0,170.0,22.0,7.0,11.0,9.75,22.0,3.0,49.0,29.0,19.55135135135135,66.41119691119691
2015-09-13,24.0,17.0,159.0,20.0,5.0,22.0,12.5,21.0,3.0,49.0,29.0,17.582818532818532,67.86679536679536
2015-09-20,17.0,18.0,181.0,19.0,8.0,24.0,16.75,17.0,8.0,53.0,32.0,19.403088803088803,72.51737451737452
2015-09-27,17.0,14.0,189.0,28.0,9.0,17.0,18.5,18.0,8.0,53.0,32.0,24.357335907335905,70.33976833976834
2015-10-04,50.0,10.0,113.0,37.0,21.0,17.0,20.0,14.0,8.0,53.0,32.0,22.41814671814672,70.5945945945946
2015-10-11,51.0,18.0,85.0,22.0,41.0,50.0,27.0,10.0,8.0,53.0,32.0,23.323745173745174,75.72200772200772
2015-10-18,32.0,16.0,68.0,25.0,28.0,51.0,33.75,18.0,6.0,55.00000000000001,30.0,23.325289575289577,80.17181467181467
2015-10-25,40.0,19.0,41.0,39.0,23.0,32.0,37.5,16.0,6.0,55.00000000000001,30.0,21.031660231660236,82.24517374517374
2015-11-01,33.0,12.0,27.0,41.0,49.0,40.0,43.25,19.0,6.0,55.00000000000001,30.0,25.35135135135135,83.37451737451738
2015-11-08,33.0,10.0,30.0,25.0,64.0,33.0,39.0,12.0,6.0,55.00000000000001,30.0,24.0469111969112,86.06949806949807
2015-11-15,70.0,7.0,35.0,42.0,102.0,33.0,34.5,10.0,6.0,61.0,36.0,20.731853281853283,81.86100386100387
2015-11-22,32.0,13.0,12.0,47.0,145.0,70.0,44.0,7.0,6.0,61.0,36.0,21.597104247104248,79.94594594594595
2015-11-29,19.0,11.0,11.0,41.0,167.0,32.0,42.0,13.0,6.0,61.0,36.0,19.746138996138995,82.80115830115831
2015-12-06,25.0,9.33,24.0,63.0,282.0,19.0,38.5,11.0,6.0,61.0,36.0,17.047490347490346,79.92857142857143
2015-12-13,72.0,11.1,31.0,71.0,363.0,25.0,36.5,9.33,6.0,61.0,36.0,17.7996138996139,87.11583011583012
2015-12-20,52.0,6.0,17.0,72.0,574.0,72.0,37.0,11.1,8.0,60.0,34.0,16.132239382239383,86.71428571428571
2015-12-27,50.0,11.3,23.0,82.0,699.0,52.0,42.0,6.0,8.0,60.0,34.0,13.947490347490348,82.94787644787644
2016-01-03,48.0,13.0,6.0,146.0,782.0,50.0,49.75,11.3,8.0,60.0,34.0,12.930501930501933,78.65444015444015
2016-01-10,35.0,9.0,27.0,130.0,1264.0,48.0,55.5,13.0,8.0,60.0,34.0,10.01216216216216,85.488416988417
2016-01-17,21.0,12.0,19.0,132.0,1697.0,35.0,46.25,9.0,14.000000000000002,55.00000000000001,36.0,11.434169884169885,83.70270270270271
2016-01-24,46.0,17.0,12.0,155.0,2611.0,21.0,38.5,12.0,14.000000000000002,55.00000000000001,36.0,10.442664092664092,85.43629343629344
2016-01-31,62.0,12.5,17.0,154.0,4600.0,46.0,37.5,17.0,14.000000000000002,55.00000000000001,36.0,10.850386100386102,85.36100386100387
2016-02-07,37.0,10.0,23.0,203.0,5975.0,62.0,41.0,12.5,14.000000000000002,55.00000000000001,36.0,11.802702702702703,80.47876447876448
2016-02-14,78.0,16.0,30.0,175.0,6976.0,37.0,41.5,10.0,14.000000000000002,55.00000000000001,36.0,9.81042471042471,83.23166023166024
2016-02-21,60.0,12.0,19.0,251.0,6882.0,78.0,55.75,16.0,17.0,52.0,38.0,4.871621621621622,80.08687258687259
2016-02-28,67.0,19.0,27.0,185.0,7342.0,60.0,59.25,12.0,17.0,52.0,38.0,7.545559845559845,78.88416988416988
2016-03-06,28.0,19.0,29.0,170.0,6640.0,67.0,60.5,19.0,17.0,52.0,38.0,6.53996138996139,79.15830115830116
2016-03-13,62.0,12.34,26.0,159.0,6271.0,28.0,58.25,19.0,17.0,52.0,38.0,7.489961389961389,77.20849420849422
2016-03-20,81.0,26.0,22.0,181.0,5707.0,62.0,54.25,12.34,6.0,36.0,29.0,8.678571428571429,74.7123552123552
2016-03-27,52.0,26.0,28.0,189.0,4187.0,81.0,59.5,26.0,6.0,36.0,29.0,3.61969111969112,77.15444015444015
2016-04-03,74.0,44.4,12.0,113.0,3261.0,52.0,55.75,26.0,6.0,36.0,29.0,3.045752895752896,73.76833976833976
2016-04-10,60.0,40.6,20.0,85.0,2422.0,74.0,67.25,44.4,6.0,36.0,29.0,3.116409266409266,73.37451737451738
2016-04-17,50.0,39.9,23.0,68.0,1475.0,60.0,66.75,40.6,3.0,32.0,29.0,-0.8857142857142856,77.14092664092664
2016-04-24,40.0,26.8,12.0,41.0,970.0,50.0,59.0,39.9,3.0,32.0,29.0,6.327799227799227,70.62162162162163
2016-05-01,25.0,26.2,11.0,27.0,616.0,40.0,56.0,26.8,3.0,32.0,29.0,6.827606177606178,71.996138996139
2016-05-08,9.0,32.0,19.0,30.0,436.0,25.0,43.75,26.2,3.0,32.0,29.0,6.303281853281853,67.37837837837837
2016-05-15,35.0,20.5,31.0,35.0,342.0,9.0,31.0,32.0,2.0,22.0,28.000000000000004,5.164478764478765,72.76254826254826
2016-05-22,46.0,34.2,44.0,12.0,182.0,35.0,27.25,20.5,2.0,22.0,28.000000000000004,5.43011583011583,70.75482625482626
2016-05-29,21.0,40.4,33.0,11.0,137.0,46.0,28.75,34.2,2.0,22.0,28.000000000000004,5.35945945945946,72.96718146718148
2016-06-05,35.0,31.0,47.0,24.0,95.0,21.0,27.75,40.4,2.0,22.0,28.000000000000004,5.533204633204633,74.58687258687259
2016-06-12,36.0,38.2,48.0,31.0,39.0,35.0,34.25,31.0,2.0,22.0,28.000000000000004,5.736872586872587,66.17374517374517
2016-06-19,42.0,37.0,64.0,17.0,35.0,36.0,34.5,38.2,2.0,18.0,29.0,7.497490347490348,71.46911196911196
2016-06-26,22.0,25.6,77.0,23.0,28.0,42.0,33.5,37.0,2.0,18.0,29.0,9.739189189189188,67.55019305019304
2016-07-03,45.0,28.0,116.0,6.0,12.0,22.0,33.75,25.6,2.0,18.0,29.0,11.366988416988416,65.82432432432432
2016-07-10,15.0,24.3,132.0,27.0,19.0,45.0,36.25,28.0,2.0,18.0,29.0,11.67007722007722,63.82239382239383
2016-07-17,21.0,32.53,176.0,19.0,13.0,15.0,31.0,24.3,2.0,23.0,33.0,10.607915057915056,63.22007722007722
2016-07-24,10.0,22.0,280.0,12.0,13.0,21.0,25.75,32.53,2.0,23.0,33.0,9.464478764478764,59.47104247104247
2016-07-31,30.0,23.0,297.0,17.0,7.0,10.0,22.75,22.0,2.0,23.0,33.0,13.99015444015444,63.5096525096525
2016-08-07,62.0,20.3,351.0,23.0,16.0,30.0,19.0,23.0,2.0,23.0,33.0,15.014478764478763,63.762548262548265
2016-08-14,13.0,19.0,433.0,30.0,13.0,62.0,30.75,20.3,2.0,23.0,33.0,14.813127413127416,60.401544401544406
2016-08-21,17.0,22.5,569.0,19.0,15.0,13.0,28.75,19.0,3.0,42.0,33.0,16.985135135135135,64.16216216216216
2016-08-28,21.0,17.2,554.0,27.0,22.0,17.0,30.5,22.5,3.0,42.0,33.0,18.3507722007722,58.17760617760617
2016-09-04,16.0,20.3,611.0,29.0,13.0,21.0,28.25,17.2,3.0,42.0,33.0,18.605405405405406,62.424710424710426
2016-09-11,26.0,20.0,602.0,26.0,17.0,16.0,16.75,20.3,3.0,42.0,33.0,18.203474903474905,63.52509652509652
2016-09-18,37.0,12.1,433.0,22.0,22.0,26.0,20.0,20.0,9.0,57.99999999999999,34.0,22.24169884169884,64.12548262548263
2016-09-25,29.0,11.0,379.0,28.0,13.0,37.0,25.0,12.1,9.0,57.99999999999999,34.0,21.12451737451737,67.22586872586872
2016-10-02,38.0,17.2,273.0,12.0,19.0,29.0,27.0,11.0,9.0,57.99999999999999,34.0,21.17799227799228,69.46718146718146
2016-10-09,46.0,13.5,226.0,20.0,50.0,38.0,32.5,17.2,9.0,57.99999999999999,34.0,20.949613899613897,70.87644787644788
2016-10-16,59.0,13.3,155.0,23.0,44.0,46.0,37.5,13.5,8.0,57.99999999999999,33.0,23.11428571428572,78.76061776061775
2016-10-23,47.0,15.1,82.0,12.0,70.0,59.0,43.0,13.3,8.0,57.99999999999999,33.0,23.37084942084942,84.78571428571429
2016-10-30,29.0,9.0,61.0,11.0,98.0,47.0,47.5,15.1,8.0,57.99999999999999,33.0,22.01930501930502,83.12162162162163
2016-11-06,42.0,23.2,60.0,19.0,153.0,29.0,45.25,9.0,8.0,57.99999999999999,33.0,20.224710424710423,83.00386100386102
2016-11-13,36.0,10.6,34.0,31.0,251.0,42.0,44.25,23.2,8.0,57.99999999999999,33.0,21.184942084942087,84.24324324324324
2016-11-20,22.0,10.4,26.0,44.0,485.0,36.0,38.5,10.6,12.0,69.0,41.0,23.93976833976834,83.44980694980696
2016-11-27,48.0,12.0,32.0,33.0,826.0,22.0,32.25,10.4,12.0,69.0,41.0,21.717953667953672,86.52895752895753
2016-12-04,55.0,4.2,20.0,47.0,1384.0,48.0,37.0,12.0,12.0,69.0,41.0,21.7972972972973,81.47876447876448
2016-12-11,71.0,11.0,19.0,48.0,2693.0,55.0,40.25,4.2,12.0,69.0,41.0,20.41602316602317,86.68725868725869
2016-12-18,88.0,9.2,21.0,64.0,4579.0,71.0,49.0,11.0,30.0,80.0,49.0,16.413127413127416,87.40926640926641
2016-12-25,31.0,6.5,30.0,77.0,7472.0,88.0,65.5,9.2,30.0,80.0,49.0,16.7030888030888,87.61583011583012
2017-01-01,55.25,4.625,13.0,116.0,9643.0,31.0,61.25,6.5,30.0,80.0,49.0,13.162934362934363,81.77220077220078
2017-01-08,47.65625,14.58333333,36.0,132.0,9517.0,55.25,61.3125,4.625,30.0,80.0,49.0,10.775482625482624,80.5057915057915
2017-01-15,31.66666667,12.16666667,32.0,176.0,8717.0,47.65625,55.4765625,14.58333333,9.0,51.0,36.0,10.710038610038607,82.2895752895753
2017-01-22,45.41666667,15.83333333,28.0,280.0,7630.0,31.66666667,41.3932291675,12.16666667,9.0,51.0,36.0,11.279729729729729,80.4015444015444
2017-01-29,55.41666667,12.70833333,39.0,297.0,7526.0,45.41666667,44.997395835,15.83333333,9.0,51.0,36.0,8.905019305019305,83.05405405405405
2017-02-05,44.33333333,14.43333333,51.0,351.0,6936.0,55.41666667,45.0390625025,12.70833333,9.0,51.0,36.0,5.425096525096525,87.32046332046332
2017-02-12,27.0,9.0,41.0,433.0,5286.0,44.33333333,44.208333335,14.43333333,9.0,51.0,36.0,7.780115830115831,79.60617760617761
2017-02-19,18.0,10.3,33.0,569.0,4137.0,27.0,43.0416666675,9.0,5.0,44.0,37.0,7.402316602316602,83.52895752895753
2017-02-26,36.0,8.2,50.0,554.0,3399.0,18.0,36.1875,10.3,5.0,44.0,37.0,3.215830115830116,78.3880308880309
2017-03-05,48.0,19.5,27.0,611.0,2236.0,36.0,31.3333333325,8.2,5.0,44.0,37.0,4.968339768339768,77.93436293436294
2017-03-12,20.0,17.0,20.0,602.0,1580.0,48.0,32.25,19.5,5.0,44.0,37.0,3.4822393822393822,77.28571428571429
2017-03-19,25.0,11.0,32.0,433.0,1249.0,20.0,30.5,17.0,3.0,36.0,32.0,3.871428571428571,73.32625482625483
2017-03-26,31.0,32.1,36.0,379.0,950.0,25.0,32.25,11.0,3.0,36.0,32.0,2.473938223938224,74.72779922779922
2017-04-02,20.0,37.9,40.0,273.0,823.0,31.0,31.0,32.1,3.0,36.0,32.0,-0.6494208494208494,70.66602316602317
2017-04-09,47.0,22.5,21.0,226.0,683.0,20.0,24.0,37.9,3.0,36.0,32.0,0.6835907335907337,70.61196911196912
2017-04-16,58.0,23.2,18.0,155.0,437.0,47.0,30.75,22.5,3.0,27.0,29.0,-1.114092664092664,67.63127413127413
2017-04-23,17.875,16.0,11.0,82.0,388.0,58.0,39.0,23.2,3.0,27.0,29.0,0.6527027027027028,62.544401544401545
2017-04-30,48.0,45.3,14.0,61.0,375.0,17.875,35.71875,16.0,3.0,27.0,29.0,4.4391891891891895,67.1930501930502
2017-05-07,44.0,25.1,27.0,60.0,304.0,48.0,42.71875,45.3,3.0,27.0,29.0,1.034169884169884,72.34169884169884
2017-05-14,24.0,40.7,19.0,34.0,418.0,44.0,41.96875,25.1,3.0,27.0,29.0,3.679150579150579,72.83590733590734
2017-05-21,27.0,39.0,32.0,26.0,417.0,24.0,33.46875,40.7,2.0,17.0,28.000000000000004,7.27104247104247,65.67760617760618
2017-05-28,23.0,42.01,41.0,32.0,360.0,27.0,35.75,39.0,2.0,17.0,28.000000000000004,7.784555984555984,63.38996138996139
2017-06-04,44.0,26.0,27.0,20.0,215.0,23.0,29.5,42.01,2.0,17.0,28.000000000000004,7.98976833976834,64.24903474903475
2017-06-11,37.0,38.7,31.0,19.0,113.0,44.0,29.5,26.0,2.0,17.0,28.000000000000004,8.652702702702703,61.656370656370655
2017-06-18,40.0,44.37,51.0,21.0,81.0,37.0,32.75,38.7,1.0,18.0,30.0,8.872007722007721,60.63513513513514
2017-06-25,23.0,34.83,88.0,30.0,65.0,40.0,36.0,44.37,1.0,18.0,30.0,11.66969111969112,60.46911196911197
2017-07-02,39.0,31.0,82.0,13.0,33.0,23.0,36.0,34.83,1.0,18.0,30.0,11.02779922779923,68.9073359073359
2017-07-09,37.0,20.0,170.0,36.0,38.0,39.0,34.75,31.0,1.0,18.0,30.0,11.596332046332048,65.47104247104247
2017-07-16,25.0,13.0,284.0,32.0,27.0,37.0,34.75,20.0,2.0,24.0,32.0,8.475675675675676,65.35907335907336
2017-07-23,31.0,25.0,437.0,28.0,23.0,25.0,31.0,13.0,2.0,24.0,32.0,10.045173745173743,62.48262548262549
2017-07-30,7.0,13.1,428.0,39.0,22.0,31.0,33.0,25.0,2.0,24.0,32.0,13.146525096525096,66.98648648648648
2017-08-06,13.0,17.0,619.0,51.0,20.0,7.0,25.0,13.1,2.0,24.0,32.0,13.347297297297295,59.15830115830115
2017-08-13,12.0,10.5,817.0,41.0,21.0,13.0,19.0,17.0,2.0,24.0,32.0,17.103088803088802,62.4054054054054
2017-08-20,20.0,14.5,901.0,33.0,20.0,12.0,15.75,10.5,3.0,53.0,35.0,18.8996138996139,63.0965250965251
2017-08-27,23.0,12.0,876.0,50.0,18.0,20.0,13.0,14.5,3.0,53.0,35.0,19.591698841698843,65.6930501930502
2017-09-03,16.0,14.1,804.0,27.0,19.0,23.0,17.0,12.0,3.0,53.0,35.0,19.653281853281857,69.5926640926641
2017-09-10,8.0,21.5,960.0,20.0,13.0,16.0,17.75,14.1,3.0,53.0,35.0,21.149420849420853,70.1003861003861
2017-09-17,30.0,18.4,869.0,32.0,21.0,8.0,16.75,21.5,8.0,47.0,36.0,23.007142857142856,69.88416988416989
2017-09-24,19.0,18.0,721.0,36.0,30.0,30.0,19.25,18.4,8.0,47.0,36.0,20.136486486486486,73.27606177606177
2017-10-01,98.0,4.0,529.0,40.0,15.0,19.0,18.25,18.0,8.0,47.0,36.0,21.07837837837838,71.63513513513514
2017-10-08,49.0,12.0,347.0,21.0,51.0,98.0,38.75,4.0,8.0,47.0,36.0,21.18590733590733,73.61583011583012
2017-10-15,52.0,13.5,228.0,18.0,69.0,49.0,49.0,12.0,9.0,57.99999999999999,37.0,22.358108108108105,73.65444015444017
2017-10-22,44.0,10.0,128.0,11.0,60.0,52.0,54.5,13.5,9.0,57.99999999999999,37.0,21.31949806949807,80.20849420849422
2017-10-29,73.0,12.5,78.0,14.0,102.0,44.0,60.75,10.0,9.0,57.99999999999999,37.0,23.72142857142857,78.0907335907336
2017-11-05,35.0,12.2,76.0,27.0,124.0,73.0,54.5,12.5,9.0,57.99999999999999,37.0,21.093822393822396,79.64864864864865
2017-11-12,51.0,8.5,62.0,19.0,187.0,35.0,51.0,12.2,9.0,57.99999999999999,37.0,21.83262548262548,82.39189189189189
2017-11-19,69.0,8.9,49.0,32.0,281.0,51.0,50.75,8.5,18.0,91.0,59.0,20.74710424710425,81.74710424710426
2017-11-26,21.0,7.0,35.0,41.0,453.0,69.0,57.0,8.9,18.0,91.0,59.0,19.32934362934363,81.72007722007721
2017-12-03,40.0,17.5,43.0,27.0,712.0,21.0,44.0,7.0,18.0,91.0,59.0,18.02664092664093,84.71042471042472
2017-12-10,64.0,13.0,30.0,31.0,1340.0,40.0,45.25,17.5,18.0,91.0,59.0,16.445752895752896,82.46911196911196
2017-12-17,34.0,12.0,32.0,51.0,2733.0,64.0,48.5,13.0,35.0,70.0,59.0,15.106756756756758,84.53861003861003
2017-12-24,32.0,5.6,30.0,88.0,5290.0,34.0,39.75,12.0,35.0,70.0,59.0,15.778957528957529,86.44787644787644
2017-12-31,63.0,11.0,29.0,82.0,8558.0,32.0,42.5,5.6,35.0,70.0,59.0,14.098841698841698,84.87644787644788
2018-01-07,39.0,16.0,47.0,170.0,11106.0,63.0,48.25,11.0,35.0,70.0,59.0,14.995945945945946,85.11389961389962
2018-01-14,44.0,6.0,30.0,284.0,10215.0,39.0,42.0,16.0,35.0,70.0,59.0,14.668146718146716,83.73745173745174
2018-01-21,75.0,9.5,36.0,437.0,10597.0,44.0,44.5,6.0,17.0,59.0,48.0,12.042857142857144,82.15444015444017
2018-01-28,47.0,13.0,56.0,428.0,11705.0,75.0,55.25,9.5,17.0,59.0,48.0,9.855212355212355,84.9942084942085
2018-02-04,34.0,17.4,53.0,619.0,12485.0,47.0,51.25,13.0,17.0,59.0,48.0,7.971042471042471,82.35521235521234
2018-02-11,71.25,6.66,36.0,817.0,12601.0,34.0,50.0,17.4,17.0,59.0,48.0,7.056370656370656,78.14671814671816
2018-02-18,48.0,6.0,73.0,901.0,13710.0,71.25,56.8125,6.66,7.000000000000001,44.0,43.0,7.661776061776061,81.01930501930504
2018-02-25,70.0,11.0,53.0,876.0,12634.0,48.0,50.0625,6.0,7.000000000000001,44.0,43.0,3.60019305019305,69.49613899613901
2018-03-04,68.0,14.5,37.0,804.0,10752.0,70.0,55.8125,11.0,7.000000000000001,44.0,43.0,4.364864864864865,66.41505791505793
2018-03-11,68.0,16.4,32.0,960.0,10634.0,68.0,64.3125,14.5,7.000000000000001,44.0,43.0,4.715637065637066,82.65250965250966
2018-03-18,61.0,24.0,22.0,869.0,8265.0,68.0,63.5,16.4,4.0,37.0,35.0,4.49015444015444,75.83204633204632
2018-03-25,58.0,17.5,28.0,721.0,6396.0,61.0,66.75,24.0,4.0,37.0,35.0,5.884942084942085,71.65444015444017
2018-04-01,51.0,21.1,25.0,529.0,4404.0,58.0,63.75,17.5,4.0,37.0,35.0,6.513513513513514,77.8880308880309
2018-04-08,60.0,36.5,30.0,347.0,3215.0,51.0,59.5,21.1,4.0,37.0,35.0,3.1849420849420853,70.81467181467181
2018-04-15,52.0,53.5,14.0,228.0,2130.0,60.0,57.5,36.5,3.0,31.0,35.0,3.75965250965251,76.98455598455598
2018-04-22,28.0,38.7,23.0,128.0,1184.0,52.0,55.25,53.5,3.0,31.0,35.0,5.033976833976834,69.26833976833976
2018-04-29,66.0,56.4,18.0,78.0,654.0,28.0,47.75,38.7,3.0,31.0,35.0,5.013899613899613,67.26833976833977
2018-05-06,26.0,65.0,31.0,76.0,321.0,66.0,51.5,56.4,3.0,31.0,35.0,0.9646718146718146,66.34942084942085
2018-05-13,31.0,51.0,32.0,62.0,170.0,26.0,43.0,65.0,3.0,31.0,35.0,3.1125482625482626,65.72779922779922
2018-05-20,47.0,39.4,33.0,49.0,100.0,31.0,37.75,51.0,2.0,23.0,34.0,1.1281853281853282,68.54826254826256
2018-05-27,31.0,37.0,24.0,35.0,38.0,47.0,42.5,39.4,2.0,23.0,34.0,-1.9768339768339769,67.53474903474903
2018-06-03,45.0,41.64,24.0,43.0,24.0,31.0,33.75,37.0,2.0,23.0,34.0,6.565250965250966,68.36293436293435
2018-06-10,23.0,24.4,25.0,30.0,12.0,45.0,38.5,41.64,2.0,23.0,34.0,6.04054054054054,68.86679536679537
2018-06-17,16.0,30.4,44.0,32.0,12.0,23.0,36.5,24.4,1.0,17.0,34.0,3.2023166023166025,66.82239382239382
2018-06-24,29.0,32.6,41.0,30.0,16.0,16.0,28.75,30.4,1.0,17.0,34.0,6.948455598455598,62.83011583011584
2018-07-01,31.0,23.4,72.0,29.0,17.0,29.0,28.25,32.6,1.0,17.0,34.0,10.956756756756755,62.47876447876448
2018-07-08,41.0,33.5,67.0,47.0,9.0,31.0,24.75,23.4,1.0,17.0,34.0,13.05965250965251,60.33011583011582
2018-07-15,11.0,23.4,96.0,30.0,7.0,41.0,29.25,33.5,2.0,25.0,36.0,15.439961389961391,63.5965250965251
2018-07-22,24.0,29.0,73.0,36.0,16.0,11.0,28.0,23.4,2.0,25.0,36.0,14.74054054054054,63.50965250965252
2018-07-29,4.0,25.3,88.0,56.0,11.0,24.0,26.75,29.0,2.0,25.0,36.0,14.414285714285716,59.98648648648649
2018-08-05,9.0,29.3,71.0,53.0,19.0,4.0,20.0,25.3,2.0,25.0,36.0,17.111003861003862,57.25868725868726
2018-08-12,13.0,23.0,119.0,36.0,13.0,9.0,12.0,29.3,2.0,25.0,36.0,15.502123552123551,56.5984555984556
2018-08-19,28.0,20.0,154.0,73.0,17.0,13.0,12.5,23.0,3.0,44.0,39.0,19.017953667953662,63.92277992277992
2018-08-26,79.0,24.8,200.0,53.0,7.0,28.0,13.5,20.0,3.0,44.0,39.0,20.749806949806956,61.36100386100386
2018-09-02,36.0,17.0,210.0,37.0,9.0,79.0,32.25,24.8,3.0,44.0,39.0,19.73513513513513,62.64478764478765
2018-09-09,43.0,21.7,174.0,32.0,14.0,36.0,39.0,17.0,3.0,44.0,39.0,19.543822393822392,69.08108108108108
2018-09-16,42.0,17.4,252.0,22.0,9.0,43.0,46.5,21.7,11.0,60.0,44.0,20.12297297297297,67.4942084942085
2018-09-23,47.0,28.0,240.0,28.0,14.0,42.0,50.0,17.4,11.0,60.0,44.0,20.48513513513513,64.65637065637065
2018-09-30,67.0,17.0,170.0,25.0,8.0,47.0,42.0,28.0,11.0,60.0,44.0,21.97220077220077,62.1003861003861
2018-10-07,63.0,9.1,183.0,30.0,31.0,67.0,49.75,17.0,11.0,60.0,44.0,21.5972972972973,67.80115830115831
2018-10-14,56.0,22.0,118.0,14.0,50.0,63.0,54.75,9.1,11.0,60.0,44.0,22.40830115830116,72.0
2018-10-21,67.0,25.0,83.0,23.0,69.0,56.0,58.25,22.0,10.0,59.0,43.0,24.658494208494208,75.77220077220078
2018-10-28,116.0,14.8,59.0,18.0,77.0,67.0,63.25,25.0,10.0,59.0,43.0,25.53822393822394,74.94015444015443
2018-11-04,46.0,12.3,43.0,31.0,97.0,116.0,75.5,14.8,10.0,59.0,43.0,23.64131274131274,80.0
2018-11-11,93.0,8.9,53.0,32.0,179.0,46.0,71.25,12.3,10.0,59.0,43.0,22.350579150579154,84.54826254826256
2018-11-18,100.0,7.4,70.0,33.0,205.0,93.0,80.5,8.9,8.0,72.0,52.0,21.621814671814672,84.98069498069499
2018-11-25,67.0,11.3,113.0,24.0,227.0,100.0,88.75,7.4,8.0,72.0,52.0,20.34266409266409,87.20270270270271
2018-12-02,70.0,24.5,117.0,24.0,359.0,67.0,76.5,11.3,8.0,72.0,52.0,19.878185328185328,82.2065637065637
2018-12-09,56.0,9.0,189.0,25.0,650.0,70.0,82.5,24.5,8.0,72.0,52.0,19.335135135135136,87.13513513513513
2018-12-16,98.0,10.8,129.0,44.0,1020.0,56.0,73.25,9.0,29.0,96.0,61.0,19.60135135135135,85.14478764478766
2018-12-23,58.0,9.0,145.0,41.0,1964.0,98.0,72.75,10.8,29.0,96.0,61.0,14.406563706563706,88.50772200772201
2018-12-30,96.0,10.3,109.0,72.0,2817.0,58.0,70.5,9.0,29.0,96.0,61.0,14.388803088803089,87.27992277992279
2019-01-06,54.0,11.0,87.0,67.0,3894.0,96.0,77.0,10.3,29.0,96.0,61.0,15.70135135135135,78.21428571428571
2019-01-13,50.0,6.0,102.0,96.0,5712.0,54.0,76.5,11.0,29.0,96.0,61.0,14.103861003861004,82.69691119691119
2019-01-20,121.0,13.0,125.0,73.0,8024.0,50.0,64.5,6.0,21.0,63.0,56.00000000000001,10.964092664092664,82.60617760617761
2019-01-27,93.0,9.0,97.0,88.0,11865.0,121.0,80.25,13.0,21.0,63.0,56.00000000000001,10.408108108108108,82.3976833976834
2019-02-03,131.0,13.7,110.0,71.0,15068.0,93.0,79.5,9.0,21.0,63.0,56.00000000000001,10.665444015444017,84.7876447876448
2019-02-10,62.0,15.7,106.0,119.0,17226.0,131.0,98.75,13.7,21.0,63.0,56.00000000000001,7.691891891891892,80.06756756756758
2019-02-17,35.0,16.6,104.0,154.0,16106.0,62.0,101.75,15.7,7.000000000000001,50.0,46.0,4.58938223938224,76.52316602316603
2019-02-24,31.0,13.3,125.0,200.0,12586.0,35.0,80.25,16.6,7.000000000000001,50.0,46.0,4.535135135135135,72.06177606177606
2019-03-03,57.0,23.9,134.0,210.0,8432.0,31.0,64.75,13.3,7.000000000000001,50.0,46.0,7.026061776061775,71.29536679536679
2019-03-10,26.0,32.6,97.0,174.0,5818.0,57.0,46.25,23.9,7.000000000000001,50.0,46.0,2.854826254826255,72.26061776061776
2019-03-17,88.0,32.0,111.0,252.0,4222.0,26.0,37.25,32.6,4.0,40.0,48.0,5.0679536679536685,70.08108108108108
2019-03-24,74.0,48.0,74.0,240.0,3212.0,88.0,50.5,32.0,4.0,40.0,48.0,4.127413127413128,69.81274131274131
2019-03-31,53.0,49.5,81.0,170.0,2246.0,74.0,61.25,48.0,4.0,40.0,48.0,3.018532818532819,66.53474903474903
2019-04-07,51.0,57.6,98.0,183.0,1670.0,53.0,60.25,49.5,4.0,40.0,48.0,2.545752895752896,65.57722007722008
2019-04-14,42.0,40.5,144.0,118.0,1297.0,51.0,66.5,57.6,4.0,40.0,48.0,2.737644787644787,69.20463320463321
2019-04-21,36.0,33.2,178.0,83.0,934.0,42.0,55.0,40.5,3.0,33.0,41.0,1.262162162162162,62.067567567567565
2019-04-28,62.0,36.4,210.0,59.0,717.0,36.0,45.5,33.2,3.0,33.0,41.0,2.9953667953667957,65.76640926640927
2019-05-05,64.0,45.4,222.0,43.0,379.0,62.0,47.75,36.4,3.0,33.0,41.0,5.273745173745174,68.3030888030888
2019-05-12,123.0,24.0,257.0,53.0,263.0,64.0,51.0,45.4,3.0,33.0,41.0,5.288610038610039,67.63320463320464
2019-05-19,61.29166667,23.4,385.0,70.0,217.0,123.0,71.25,24.0,2.0,25.0,45.0,5.818146718146719,68.94208494208495
2019-05-26,65.0,34.0,686.0,113.0,183.0,61.29166667,77.5729166675,23.4,2.0,25.0,45.0,7.502316602316602,70.34555984555985
2019-06-02,27.0,28.0,707.0,117.0,93.0,65.0,78.3229166675,34.0,2.0,25.0,45.0,9.16138996138996,66.23552123552123
2019-06-09,45.0,28.1,912.0,189.0,66.0,27.0,69.0729166675,28.0,2.0,25.0,45.0,8.20096525096525,64.35328185328186
2019-06-16,23.0,57.0,842.0,129.0,47.0,45.0,49.5729166675,28.1,2.0,18.0,38.0,8.826061776061776,64.1949806949807
2019-06-23,32.0,35.94,891.0,145.0,45.0,23.0,40.0,57.0,2.0,18.0,38.0,9.1,62.22972972972973
2019-06-30,28.0,27.0,1002.0,109.0,38.0,32.0,31.75,35.94,2.0,18.0,38.0,9.68841698841699,53.46718146718147
2019-07-07,17.0,28.8,867.0,87.0,29.0,28.0,32.0,27.0,2.0,18.0,38.0,8.205019305019304,55.8011583011583
2019-07-14,15.0,21.0,662.0,102.0,32.0,17.0,25.0,28.8,2.0,18.0,38.0,12.17934362934363,61.91891891891892
2019-07-21,15.0,28.0,607.0,125.0,20.0,15.0,23.0,21.0,2.0,24.0,42.0,13.942084942084945,59.53281853281853
2019-07-28,30.0,18.4,461.0,97.0,30.0,15.0,18.75,28.0,2.0,24.0,42.0,11.88976833976834,55.66023166023166
2019-08-04,48.0,19.7,381.0,110.0,28.0,30.0,19.25,18.4,2.0,24.0,42.0,12.3496138996139,64.44980694980696
2019-08-11,66.0,20.0,421.0,106.0,21.0,48.0,27.0,19.7,2.0,24.0,42.0,14.052123552123552,61.34555984555984
2019-08-18,35.0,23.0,428.0,104.0,30.0,66.0,39.75,20.0,4.0,43.0,48.0,16.219111969111967,61.53088803088803
2019-08-25,24.0,20.5,476.0,125.0,34.0,35.0,44.75,23.0,4.0,43.0,48.0,18.165830115830115,58.754826254826256
2019-09-01,15.0,27.1,359.0,134.0,33.0,24.0,43.25,20.5,4.0,43.0,48.0,19.739189189189197,59.24131274131275
2019-09-08,15.0,28.5,294.0,97.0,21.0,15.0,35.0,27.1,4.0,43.0,48.0,20.75772200772201,61.27413127413127
2019-09-15,30.0,30.5,224.0,111.0,29.0,15.0,22.25,28.5,11.0,56.99999999999999,48.0,21.88320463320463,64.47297297297298
2019-09-22,26.0,21.0,181.0,74.0,32.0,30.0,21.0,30.5,11.0,56.99999999999999,48.0,25.144208494208492,65.52316602316603
2019-09-29,40.41666667,23.1,159.0,81.0,17.0,26.0,21.5,21.0,11.0,56.99999999999999,48.0,21.844787644787647,76.15250965250966
2019-10-06,30.0,12.13,107.0,98.0,68.0,40.41666667,27.8541666675,23.1,11.0,56.99999999999999,48.0,20.413513513513514,73.65637065637065
2019-10-13,12.0,1.0,100.0,144.0,56.0,30.0,31.6041666675,12.13,11.0,56.99999999999999,48.0,21.882046332046333,73.8880308880309
