week_date,R03,R06,flu_au_positives,flu_au_lagged,flu_eu_positives,R03_lag1,R03_lag4_avg,R06_lag1
2014-02-02,29.0,12.0,19.0,81.0,2517.0,23.0,26.25,10.0
2014-02-09,31.0,6.0,31.0,104.0,2916.0,29.0,25.5,12.0
2014-02-16,18.0,16.2,26.0,99.0,3092.0,31.0,28.0,6.0
2014-02-23,35.0,7.0,16.0,128.0,3094.0,18.0,25.25,16.2
2014-03-02,16.0,10.1,33.0,159.0,2743.0,35.0,28.25,7.0
2014-03-09,16.0,9.2,21.0,116.0,2395.0,16.0,25.0,10.1
2014-03-16,36.0,19.0,21.0,140.0,2034.0,16.0,21.25,9.2
2014-03-23,27.0,23.6,17.0,125.0,1616.0,36.0,25.75,19.0
2014-03-30,29.0,24.5,16.0,125.0,1158.0,27.0,23.75,23.6
2014-04-06,27.0,20.0,21.0,73.0,1039.0,29.0,27.0,24.5
2014-04-13,22.0,20.3,19.0,82.0,847.0,27.0,29.75,20.0
2014-04-20,24.0,20.0,17.0,53.0,420.0,22.0,26.25,20.3
2014-04-27,16.0,13.0,8.0,42.0,334.0,24.0,25.5,20.0
2014-05-04,24.0,13.9,9.0,47.0,217.0,16.0,22.25,13.0
2014-05-11,15.0,36.0,16.0,32.0,210.0,24.0,21.5,13.9
2014-05-18,42.0,18.5,19.0,25.0,187.0,15.0,19.75,36.0
2014-05-25,20.0,36.6,19.0,14.0,143.0,42.0,24.25,18.5
2014-06-01,19.0,28.1,14.0,32.0,62.0,20.0,25.25,36.6
2014-06-08,19.0,27.5,14.0,17.0,44.0,19.0,24.0,28.1
2014-06-15,20.0,36.8,19.0,31.0,29.0,19.0,25.0,27.5
2014-06-22,11.0,24.0,23.0,8.0,27.0,20.0,19.5,36.8
2014-06-29,6.0,18.0,51.0,13.0,12.0,11.0,17.25,24.0
2014-07-06,8.0,10.0,91.0,21.0,9.0,6.0,14.0,18.0
2014-07-13,27.0,16.2,125.0,23.0,5.0,8.0,11.25,10.0
2014-07-20,12.0,14.4,184.0,25.0,8.0,27.0,13.0,16.2
2014-07-27,8.0,16.0,188.0,26.0,7.0,12.0,13.25,14.4
2014-08-03,11.0,16.5,217.0,19.0,11.0,8.0,13.75,16.0
2014-08-10,3.0,16.9,277.0,31.0,2.0,11.0,14.5,16.5
2014-08-17,3.0,23.6,268.0,26.0,7.0,3.0,8.5,16.9
2014-08-24,14.0,11.3,320.0,16.0,11.0,3.0,6.25,23.6
2014-08-31,12.0,15.0,271.0,33.0,4.0,14.0,7.75,11.3
2014-09-07,9.0,18.6,217.0,21.0,7.0,12.0,8.0,15.0
2014-09-14,28.0,10.2,187.0,21.0,17.0,9.0,9.5,18.6
2014-09-21,44.0,8.0,150.0,17.0,9.0,28.0,15.75,10.2
2014-09-28,2.0,16.0,110.0,16.0,8.0,44.0,23.25,8.0
2014-10-05,81.0,14.0,72.0,21.0,17.0,2.0,20.75,16.0
2014-10-12,21.0,10.5,58.0,19.0,23.0,81.0,38.75,14.0
2014-10-19,28.0,13.1875,29.0,17.0,25.0,21.0,37.0,10.5
2014-10-26,30.0,10.0,28.0,8.0,58.0,28.0,33.0,13.1875
2014-11-02,39.0,7.0,24.0,9.0,18.0,30.0,40.0,10.0
2014-11-09,25.0,6.2,25.0,16.0,37.0,39.0,29.5,7.0
2014-11-16,22.0,10.2,26.0,19.0,53.0,25.0,30.5,6.2
2014-11-23,38.0,8.7,8.0,19.0,66.0,22.0,29.0,10.2
2014-11-30,20.0,18.1,6.0,14.0,130.0,38.0,31.0,8.7
2014-12-07,40.0,9.4,12.0,14.0,151.0,20.0,26.25,18.1
2014-12-14,21.0,3.0,15.0,19.0,264.0,40.0,30.0,9.4
2014-12-21,31.0,6.0,7.0,23.0,556.0,21.0,29.75,3.0
2014-12-28,54.0,12.0,14.0,51.0,574.0,31.0,28.0,6.0
2015-01-04,25.25,10.0,3.0,91.0,1068.0,54.0,36.5,12.0
2015-01-11,39.0,10.0,20.0,125.0,2099.0,25.25,32.8125,10.0
2015-01-18,32.0,9.0,23.0,184.0,3245.0,39.0,37.3125,10.0
2015-01-25,58.0,8.0,18.0,188.0,4417.0,32.0,37.5625,9.0
2015-02-01,40.0,9.0,16.0,217.0,6016.0,58.0,38.5625,8.0
2015-02-08,36.0,11.0,24.0,277.0,7816.0,40.0,42.25,9.0
2015-02-15,65.0,13.0,22.0,268.0,9142.0,36.0,41.5,11.0
2015-02-22,69.0,14.0,30.0,320.0,9523.0,65.0,49.75,13.0
2015-03-01,38.0,12.0,20.0,271.0,8094.0,69.0,52.5,14.0
2015-03-08,17.0,10.0,22.0,217.0,5830.0,38.0,52.0,12.0
2015-03-15,35.0,13.0,20.0,187.0,4490.0,17.0,47.25,10.0
2015-03-22,58.0,6.0,19.0,150.0,3245.0,35.0,39.75,13.0
2015-03-29,58.0,17.0,28.0,110.0,2503.0,58.0,37.0,6.0
2015-04-05,15.0,21.0,37.0,72.0,1729.0,58.0,42.0,17.0
2015-04-12,40.0,19.0,22.0,58.0,1418.0,15.0,41.5,21.0
2015-04-19,19.0,26.0,25.0,29.0,902.0,40.0,42.75,19.0
2015-04-26,6.0,24.0,39.0,28.0,665.0,19.0,33.0,26.0
2015-05-03,20.0,41.7,41.0,24.0,418.0,6.0,20.0,24.0
2015-05-10,26.0,38.8,25.0,25.0,379.0,20.0,21.25,41.7
2015-05-17,12.0,36.7,42.0,26.0,195.0,26.0,17.75,38.8
2015-05-24,10.0,29.8,47.0,8.0,155.0,12.0,16.0,36.7
2015-05-31,51.0,38.5,41.0,6.0,94.0,10.0,17.0,29.8
2015-06-07,53.0,28.0,63.0,12.0,73.0,51.0,24.75,38.5
2015-06-14,26.0,27.6,71.0,15.0,58.0,53.0,31.5,28.0
2015-06-21,83.0,34.9,72.0,7.0,39.0,26.0,35.0,27.6
2015-06-28,18.0,28.0,82.0,14.0,30.0,83.0,53.25,34.9
2015-07-05,35.0,30.3,146.0,3.0,24.0,18.0,45.0,28.0
2015-07-12,21.0,40.5,130.0,20.0,12.0,35.0,40.5,30.3
2015-07-19,7.0,26.3,132.0,23.0,7.0,21.0,39.25,40.5
2015-07-26,7.0,25.0,155.0,18.0,16.0,7.0,20.25,26.3
2015-08-02,3.0,19.5,154.0,16.0,12.0,7.0,17.5,25.0
2015-08-09,11.0,17.7,203.0,24.0,11.0,3.0,9.5,19.5
2015-08-16,7.0,20.0,175.0,22.0,5.0,11.0,7.0,17.7
2015-08-23,10.0,18.0,251.0,30.0,5.0,7.0,7.0,20.0
2015-08-30,11.0,22.0,185.0,20.0,7.0,10.0,7.75,18.0
2015-09-06,22.0,21.0,170.0,22.0,7.0,11.0,9.75,22.0
2015-09-13,24.0,17.0,159.0,20.0,5.0,22.0,12.5,21.0
2015-09-20,17.0,18.0,181.0,19.0,8.0,24.0,16.75,17.0
2015-09-27,17.0,14.0,189.0,28.0,9.0,17.0,18.5,18.0
2015-10-04,50.0,10.0,113.0,37.0,21.0,17.0,20.0,14.0
2015-10-11,51.0,18.0,85.0,22.0,41.0,50.0,27.0,10.0
2015-10-18,32.0,16.0,68.0,25.0,28.0,51.0,33.75,18.0
2015-10-25,40.0,19.0,41.0,39.0,23.0,32.0,37.5,16.0
2015-11-01,33.0,12.0,27.0,41.0,49.0,40.0,43.25,19.0
2015-11-08,33.0,10.0,30.0,25.0,64.0,33.0,39.0,12.0
2015-11-15,70.0,7.0,35.0,42.0,102.0,33.0,34.5,10.0
2015-11-22,32.0,13.0,12.0,47.0,145.0,70.0,44.0,7.0
2015-11-29,19.0,11.0,11.0,41.0,167.0,32.0,42.0,13.0
2015-12-06,25.0,9.33,24.0,63.0,282.0,19.0,38.5,11.0
2015-12-13,72.0,11.1,31.0,71.0,363.0,25.0,36.5,9.33
2015-12-20,52.0,6.0,17.0,72.0,574.0,72.0,37.0,11.1
2015-12-27,50.0,11.3,23.0,82.0,699.0,52.0,42.0,6.0
2016-01-03,48.0,13.0,6.0,146.0,782.0,50.0,49.75,11.3
2016-01-10,35.0,9.0,27.0,130.0,1264.0,48.0,55.5,13.0
2016-01-17,21.0,12.0,19.0,132.0,1697.0,35.0,46.25,9.0
2016-01-24,46.0,17.0,12.0,155.0,2611.0,21.0,38.5,12.0
2016-01-31,62.0,12.5,17.0,154.0,4600.0,46.0,37.5,17.0
2016-02-07,37.0,10.0,23.0,203.0,5975.0,62.0,41.0,12.5
2016-02-14,78.0,16.0,30.0,175.0,6976.0,37.0,41.5,10.0
2016-02-21,60.0,12.0,19.0,251.0,6882.0,78.0,55.75,16.0
2016-02-28,67.0,19.0,27.0,185.0,7342.0,60.0,59.25,12.0
2016-03-06,28.0,19.0,29.0,170.0,6640.0,67.0,60.5,19.0
2016-03-13,62.0,12.34,26.0,159.0,6271.0,28.0,58.25,19.0
2016-03-20,81.0,26.0,22.0,181.0,5707.0,62.0,54.25,12.34
2016-03-27,52.0,26.0,28.0,189.0,4187.0,81.0,59.5,26.0
2016-04-03,74.0,44.4,12.0,113.0,3261.0,52.0,55.75,26.0
2016-04-10,60.0,40.6,20.0,85.0,2422.0,74.0,67.25,44.4
2016-04-17,50.0,39.9,23.0,68.0,1475.0,60.0,66.75,40.6
2016-04-24,40.0,26.8,12.0,41.0,970.0,50.0,59.0,39.9
2016-05-01,25.0,26.2,11.0,27.0,616.0,40.0,56.0,26.8
2016-05-08,9.0,32.0,19.0,30.0,436.0,25.0,43.75,26.2
2016-05-15,35.0,20.5,31.0,35.0,342.0,9.0,31.0,32.0
2016-05-22,46.0,34.2,44.0,12.0,182.0,35.0,27.25,20.5
2016-05-29,21.0,40.4,33.0,11.0,137.0,46.0,28.75,34.2
2016-06-05,35.0,31.0,47.0,24.0,95.0,21.0,27.75,40.4
2016-06-12,36.0,38.2,48.0,31.0,39.0,35.0,34.25,31.0
2016-06-19,42.0,37.0,64.0,17.0,35.0,36.0,34.5,38.2
2016-06-26,22.0,25.6,77.0,23.0,28.0,42.0,33.5,37.0
2016-07-03,45.0,28.0,116.0,6.0,12.0,22.0,33.75,25.6
2016-07-10,15.0,24.3,132.0,27.0,19.0,45.0,36.25,28.0
2016-07-17,21.0,32.53,176.0,19.0,13.0,15.0,31.0,24.3
2016-07-24,10.0,22.0,280.0,12.0,13.0,21.0,25.75,32.53
2016-07-31,30.0,23.0,297.0,17.0,7.0,10.0,22.75,22.0
2016-08-07,62.0,20.3,351.0,23.0,16.0,30.0,19.0,23.0
2016-08-14,13.0,19.0,433.0,30.0,13.0,62.0,30.75,20.3
2016-08-21,17.0,22.5,569.0,19.0,15.0,13.0,28.75,19.0
2016-08-28,21.0,17.2,554.0,27.0,22.0,17.0,30.5,22.5
2016-09-04,16.0,20.3,611.0,29.0,13.0,21.0,28.25,17.2
2016-09-11,26.0,20.0,602.0,26.0,17.0,16.0,16.75,20.3
2016-09-18,37.0,12.1,433.0,22.0,22.0,26.0,20.0,20.0
2016-09-25,29.0,11.0,379.0,28.0,13.0,37.0,25.0,12.1
2016-10-02,38.0,17.2,273.0,12.0,19.0,29.0,27.0,11.0
2016-10-09,46.0,13.5,226.0,20.0,50.0,38.0,32.5,17.2
2016-10-16,59.0,13.3,155.0,23.0,44.0,46.0,37.5,13.5
2016-10-23,47.0,15.1,82.0,12.0,70.0,59.0,43.0,13.3
2016-10-30,29.0,9.0,61.0,11.0,98.0,47.0,47.5,15.1
2016-11-06,42.0,23.2,60.0,19.0,153.0,29.0,45.25,9.0
2016-11-13,36.0,10.6,34.0,31.0,251.0,42.0,44.25,23.2
2016-11-20,22.0,10.4,26.0,44.0,485.0,36.0,38.5,10.6
2016-11-27,48.0,12.0,32.0,33.0,826.0,22.0,32.25,10.4
2016-12-04,55.0,4.2,20.0,47.0,1384.0,48.0,37.0,12.0
2016-12-11,71.0,11.0,19.0,48.0,2693.0,55.0,40.25,4.2
2016-12-18,88.0,9.2,21.0,64.0,4579.0,71.0,49.0,11.0
2016-12-25,31.0,6.5,30.0,77.0,7472.0,88.0,65.5,9.2
2017-01-01,55.25,4.625,13.0,116.0,9643.0,31.0,61.25,6.5
2017-01-08,47.65625,14.58333333,36.0,132.0,9517.0,55.25,61.3125,4.625
2017-01-15,31.66666667,12.16666667,32.0,176.0,8717.0,47.65625,55.4765625,14.58333333
2017-01-22,45.41666667,15.83333333,28.0,280.0,7630.0,31.66666667,41.3932291675,12.16666667
2017-01-29,55.41666667,12.70833333,39.0,297.0,7526.0,45.41666667,44.997395835,15.83333333
2017-02-05,44.33333333,14.43333333,51.0,351.0,6936.0,55.41666667,45.0390625025,12.70833333
2017-02-12,27.0,9.0,41.0,433.0,5286.0,44.33333333,44.208333335,14.43333333
2017-02-19,18.0,10.3,33.0,569.0,4137.0,27.0,43.041666667499996,9.0
2017-02-26,36.0,8.2,50.0,554.0,3399.0,18.0,36.1875,10.3
2017-03-05,48.0,19.5,27.0,611.0,2236.0,36.0,31.3333333325,8.2
2017-03-12,20.0,17.0,20.0,602.0,1580.0,48.0,32.25,19.5
2017-03-19,25.0,11.0,32.0,433.0,1249.0,20.0,30.5,17.0
2017-03-26,31.0,32.1,36.0,379.0,950.0,25.0,32.25,11.0
2017-04-02,20.0,37.9,40.0,273.0,823.0,31.0,31.0,32.1
2017-04-09,47.0,22.5,21.0,226.0,683.0,20.0,24.0,37.9
2017-04-16,58.0,23.2,18.0,155.0,437.0,47.0,30.75,22.5
2017-04-23,17.875,16.0,11.0,82.0,388.0,58.0,39.0,23.2
2017-04-30,48.0,45.3,14.0,61.0,375.0,17.875,35.71875,16.0
2017-05-07,44.0,25.1,27.0,60.0,304.0,48.0,42.71875,45.3
2017-05-14,24.0,40.7,19.0,34.0,418.0,44.0,41.96875,25.1
2017-05-21,27.0,39.0,32.0,26.0,417.0,24.0,33.46875,40.7
2017-05-28,23.0,42.01,41.0,32.0,360.0,27.0,35.75,39.0
2017-06-04,44.0,26.0,27.0,20.0,215.0,23.0,29.5,42.01
2017-06-11,37.0,38.7,31.0,19.0,113.0,44.0,29.5,26.0
2017-06-18,40.0,44.37,51.0,21.0,81.0,37.0,32.75,38.7
2017-06-25,23.0,34.83,88.0,30.0,65.0,40.0,36.0,44.37
2017-07-02,39.0,31.0,82.0,13.0,33.0,23.0,36.0,34.83
2017-07-09,37.0,20.0,170.0,36.0,38.0,39.0,34.75,31.0
2017-07-16,25.0,13.0,284.0,32.0,27.0,37.0,34.75,20.0
2017-07-23,31.0,25.0,437.0,28.0,23.0,25.0,31.0,13.0
2017-07-30,7.0,13.1,428.0,39.0,22.0,31.0,33.0,25.0
2017-08-06,13.0,17.0,619.0,51.0,20.0,7.0,25.0,13.1
2017-08-13,12.0,10.5,817.0,41.0,21.0,13.0,19.0,17.0
2017-08-20,20.0,14.5,901.0,33.0,20.0,12.0,15.75,10.5
2017-08-27,23.0,12.0,876.0,50.0,18.0,20.0,13.0,14.5
2017-09-03,16.0,14.1,804.0,27.0,19.0,23.0,17.0,12.0
2017-09-10,8.0,21.5,960.0,20.0,13.0,16.0,17.75,14.1
2017-09-17,30.0,18.4,869.0,32.0,21.0,8.0,16.75,21.5
2017-09-24,19.0,18.0,721.0,36.0,30.0,30.0,19.25,18.4
2017-10-01,98.0,4.0,529.0,40.0,15.0,19.0,18.25,18.0
2017-10-08,49.0,12.0,347.0,21.0,51.0,98.0,38.75,4.0
2017-10-15,52.0,13.5,228.0,18.0,69.0,49.0,49.0,12.0
2017-10-22,44.0,10.0,128.0,11.0,60.0,52.0,54.5,13.5
2017-10-29,73.0,12.5,78.0,14.0,102.0,44.0,60.75,10.0
2017-11-05,35.0,12.2,76.0,27.0,124.0,73.0,54.5,12.5
2017-11-12,51.0,8.5,62.0,19.0,187.0,35.0,51.0,12.2
2017-11-19,69.0,8.9,49.0,32.0,281.0,51.0,50.75,8.5
2017-11-26,21.0,7.0,35.0,41.0,453.0,69.0,57.0,8.9
2017-12-03,40.0,17.5,43.0,27.0,712.0,21.0,44.0,7.0
2017-12-10,64.0,13.0,30.0,31.0,1340.0,40.0,45.25,17.5
2017-12-17,34.0,12.0,32.0,51.0,2733.0,64.0,48.5,13.0
2017-12-24,32.0,5.6,30.0,88.0,5290.0,34.0,39.75,12.0
2017-12-31,63.0,11.0,29.0,82.0,8558.0,32.0,42.5,5.6
2018-01-07,39.0,16.0,47.0,170.0,11106.0,63.0,48.25,11.0
2018-01-14,44.0,6.0,30.0,284.0,10215.0,39.0,42.0,16.0
2018-01-21,75.0,9.5,36.0,437.0,10597.0,44.0,44.5,6.0
2018-01-28,47.0,13.0,56.0,428.0,11705.0,75.0,55.25,9.5
2018-02-04,34.0,17.4,53.0,619.0,12485.0,47.0,51.25,13.0
2018-02-11,71.25,6.66,36.0,817.0,12601.0,34.0,50.0,17.4
2018-02-18,48.0,6.0,73.0,901.0,13710.0,71.25,56.8125,6.66
2018-02-25,70.0,11.0,53.0,876.0,12634.0,48.0,50.0625,6.0
2018-03-04,68.0,14.5,37.0,804.0,10752.0,70.0,55.8125,11.0
2018-03-11,68.0,16.4,32.0,960.0,10634.0,68.0,64.3125,14.5
2018-03-18,61.0,24.0,22.0,869.0,8265.0,68.0,63.5,16.4
2018-03-25,58.0,17.5,28.0,721.0,6396.0,61.0,66.75,24.0
2018-04-01,51.0,21.1,25.0,529.0,4404.0,58.0,63.75,17.5
2018-04-08,60.0,36.5,30.0,347.0,3215.0,51.0,59.5,21.1
2018-04-15,52.0,53.5,14.0,228.0,2130.0,60.0,57.5,36.5
2018-04-22,28.0,38.7,23.0,128.0,1184.0,52.0,55.25,53.5
2018-04-29,66.0,56.4,18.0,78.0,654.0,28.0,47.75,38.7
2018-05-06,26.0,65.0,31.0,76.0,321.0,66.0,51.5,56.4
2018-05-13,31.0,51.0,32.0,62.0,170.0,26.0,43.0,65.0
2018-05-20,47.0,39.4,33.0,49.0,100.0,31.0,37.75,51.0
2018-05-27,31.0,37.0,24.0,35.0,38.0,47.0,42.5,39.4
2018-06-03,45.0,41.64,24.0,43.0,24.0,31.0,33.75,37.0
2018-06-10,23.0,24.4,25.0,30.0,12.0,45.0,38.5,41.64
2018-06-17,16.0,30.4,44.0,32.0,12.0,23.0,36.5,24.4
2018-06-24,29.0,32.6,41.0,30.0,16.0,16.0,28.75,30.4
2018-07-01,31.0,23.4,72.0,29.0,17.0,29.0,28.25,32.6
2018-07-08,41.0,33.5,67.0,47.0,9.0,31.0,24.75,23.4
2018-07-15,11.0,23.4,96.0,30.0,7.0,41.0,29.25,33.5
2018-07-22,24.0,29.0,73.0,36.0,16.0,11.0,28.0,23.4
2018-07-29,4.0,25.3,88.0,56.0,11.0,24.0,26.75,29.0
2018-08-05,9.0,29.3,71.0,53.0,19.0,4.0,20.0,25.3
2018-08-12,13.0,23.0,119.0,36.0,13.0,9.0,12.0,29.3
2018-08-19,28.0,20.0,154.0,73.0,17.0,13.0,12.5,23.0
2018-08-26,79.0,24.8,200.0,53.0,7.0,28.0,13.5,20.0
2018-09-02,36.0,17.0,210.0,37.0,9.0,79.0,32.25,24.8
2018-09-09,43.0,21.7,174.0,32.0,14.0,36.0,39.0,17.0
2018-09-16,42.0,17.4,252.0,22.0,9.0,43.0,46.5,21.7
2018-09-23,47.0,28.0,240.0,28.0,14.0,42.0,50.0,17.4
2018-09-30,67.0,17.0,170.0,25.0,8.0,47.0,42.0,28.0
2018-10-07,63.0,9.1,183.0,30.0,31.0,67.0,49.75,17.0
2018-10-14,56.0,22.0,118.0,14.0,50.0,63.0,54.75,9.1
2018-10-21,67.0,25.0,83.0,23.0,69.0,56.0,58.25,22.0
2018-10-28,116.0,14.8,59.0,18.0,77.0,67.0,63.25,25.0
2018-11-04,46.0,12.3,43.0,31.0,97.0,116.0,75.5,14.8
2018-11-11,93.0,8.9,53.0,32.0,179.0,46.0,71.25,12.3
2018-11-18,100.0,7.4,70.0,33.0,205.0,93.0,80.5,8.9
2018-11-25,67.0,11.3,113.0,24.0,227.0,100.0,88.75,7.4
2018-12-02,70.0,24.5,117.0,24.0,359.0,67.0,76.5,11.3
2018-12-09,56.0,9.0,189.0,25.0,650.0,70.0,82.5,24.5
2018-12-16,98.0,10.8,129.0,44.0,1020.0,56.0,73.25,9.0
2018-12-23,58.0,9.0,145.0,41.0,1964.0,98.0,72.75,10.8
2018-12-30,96.0,10.3,109.0,72.0,2817.0,58.0,70.5,9.0
2019-01-06,54.0,11.0,87.0,67.0,3894.0,96.0,77.0,10.3
2019-01-13,50.0,6.0,102.0,96.0,5712.0,54.0,76.5,11.0
2019-01-20,121.0,13.0,125.0,73.0,8024.0,50.0,64.5,6.0
2019-01-27,93.0,9.0,97.0,88.0,11865.0,121.0,80.25,13.0
2019-02-03,131.0,13.7,110.0,71.0,15068.0,93.0,79.5,9.0
2019-02-10,62.0,15.7,106.0,119.0,17226.0,131.0,98.75,13.7
2019-02-17,35.0,16.6,104.0,154.0,16106.0,62.0,101.75,15.7
2019-02-24,31.0,13.3,125.0,200.0,12586.0,35.0,80.25,16.6
2019-03-03,57.0,23.9,134.0,210.0,8432.0,31.0,64.75,13.3
2019-03-10,26.0,32.6,97.0,174.0,5818.0,57.0,46.25,23.9
2019-03-17,88.0,32.0,111.0,252.0,4222.0,26.0,37.25,32.6
2019-03-24,74.0,48.0,74.0,240.0,3212.0,88.0,50.5,32.0
2019-03-31,53.0,49.5,81.0,170.0,2246.0,74.0,61.25,48.0
2019-04-07,51.0,57.6,98.0,183.0,1670.0,53.0,60.25,49.5
2019-04-14,42.0,40.5,144.0,118.0,1297.0,51.0,66.5,57.6
2019-04-21,36.0,33.2,178.0,83.0,934.0,42.0,55.0,40.5
2019-04-28,62.0,36.4,210.0,59.0,717.0,36.0,45.5,33.2
2019-05-05,64.0,45.4,222.0,43.0,379.0,62.0,47.75,36.4
2019-05-12,123.0,24.0,257.0,53.0,263.0,64.0,51.0,45.4
2019-05-19,61.29166667,23.4,385.0,70.0,217.0,123.0,71.25,24.0
2019-05-26,65.0,34.0,686.0,113.0,183.0,61.29166667,77.5729166675,23.4
2019-06-02,27.0,28.0,707.0,117.0,93.0,65.0,78.3229166675,34.0
2019-06-09,45.0,28.1,912.0,189.0,66.0,27.0,69.0729166675,28.0
2019-06-16,23.0,57.0,842.0,129.0,47.0,45.0,49.572916667499996,28.1
2019-06-23,32.0,35.94,891.0,145.0,45.0,23.0,40.0,57.0
2019-06-30,28.0,27.0,1002.0,109.0,38.0,32.0,31.75,35.94
2019-07-07,17.0,28.8,867.0,87.0,29.0,28.0,32.0,27.0
2019-07-14,15.0,21.0,662.0,102.0,32.0,17.0,25.0,28.8
2019-07-21,15.0,28.0,607.0,125.0,20.0,15.0,23.0,21.0
2019-07-28,30.0,18.4,461.0,97.0,30.0,15.0,18.75,28.0
2019-08-04,48.0,19.7,381.0,110.0,28.0,30.0,19.25,18.4
2019-08-11,66.0,20.0,421.0,106.0,21.0,48.0,27.0,19.7
2019-08-18,35.0,23.0,428.0,104.0,30.0,66.0,39.75,20.0
2019-08-25,24.0,20.5,476.0,125.0,34.0,35.0,44.75,23.0
2019-09-01,15.0,27.1,359.0,134.0,33.0,24.0,43.25,20.5
2019-09-08,15.0,28.5,294.0,97.0,21.0,15.0,35.0,27.1
2019-09-15,30.0,30.5,224.0,111.0,29.0,15.0,22.25,28.5
2019-09-22,26.0,21.0,181.0,74.0,32.0,30.0,21.0,30.5
2019-09-29,40.41666667,23.1,159.0,81.0,17.0,26.0,21.5,21.0
2019-10-06,30.0,12.13,107.0,98.0,68.0,40.41666667,27.8541666675,23.1
2019-10-13,12.0,1.0,100.0,144.0,56.0,30.0,31.6041666675,12.13
