week,label,actual_demand,forecast,stock,received,shortage,order_placed,holding_cost,shortage_cost,order_cost,week_date
0,Naive,79.0,54.211805555666665,121.0,0.0,0.0,99.0,60.5,0.0,25.0,2018-08-26
1,Naive,36.0,54.211805555666665,85.0,0.0,0.0,36.0,42.5,0.0,25.0,2018-09-02
2,Naive,43.0,54.211805555666665,42.0,0.0,0.0,43.0,21.0,0.0,25.0,2018-09-09
3,Naive,42.0,54.211805555666665,0.0,0.0,0.0,42.0,0.0,0.0,25.0,2018-09-16
4,Naive,47.0,54.211805555666665,52.0,99.0,0.0,47.0,26.0,0.0,25.0,2018-09-23
5,Naive,67.0,54.211805555666665,21.0,36.0,0.0,67.0,10.5,0.0,25.0,2018-09-30
6,Naive,63.0,54.211805555666665,1.0,43.0,0.0,63.0,0.5,0.0,25.0,2018-10-07
7,Naive,56.0,54.211805555666665,0.0,42.0,13.0,43.0,0.0,104.0,25.0,2018-10-14
8,Naive,67.0,54.211805555666665,0.0,47.0,20.0,47.0,0.0,160.0,25.0,2018-10-21
9,Naive,116.0,54.211805555666665,0.0,67.0,49.0,67.0,0.0,392.0,25.0,2018-10-28
10,Naive,46.0,54.211805555666665,17.0,63.0,0.0,46.0,8.5,0.0,25.0,2018-11-04
11,Naive,93.0,54.211805555666665,0.0,43.0,33.0,60.0,0.0,264.0,25.0,2018-11-11
12,Naive,100.0,54.211805555666665,0.0,47.0,53.0,47.0,0.0,424.0,25.0,2018-11-18
13,Naive,67.0,54.211805555666665,0.0,67.0,0.0,67.0,0.0,0.0,25.0,2018-11-25
14,Naive,70.0,54.211805555666665,0.0,46.0,24.0,46.0,0.0,192.0,25.0,2018-12-02
15,Naive,56.0,54.211805555666665,4.0,60.0,0.0,56.0,2.0,0.0,25.0,2018-12-09
16,Naive,98.0,54.211805555666665,0.0,47.0,47.0,51.0,0.0,376.0,25.0,2018-12-16
17,Naive,58.0,54.211805555666665,9.0,67.0,0.0,58.0,4.5,0.0,25.0,2018-12-23
18,Naive,96.0,54.211805555666665,0.0,46.0,41.0,55.0,0.0,328.0,25.0,2018-12-30
19,Naive,54.0,54.211805555666665,2.0,56.0,0.0,54.0,1.0,0.0,25.0,2019-01-06
20,Naive,50.0,54.211805555666665,3.0,51.0,0.0,50.0,1.5,0.0,25.0,2019-01-13
21,Naive,121.0,54.211805555666665,0.0,58.0,60.0,61.0,0.0,480.0,25.0,2019-01-20
22,Naive,93.0,54.211805555666665,0.0,55.0,38.0,55.0,0.0,304.0,25.0,2019-01-27
23,Naive,131.0,54.211805555666665,0.0,54.0,77.0,54.0,0.0,616.0,25.0,2019-02-03
24,Naive,62.0,54.211805555666665,0.0,50.0,12.0,50.0,0.0,96.0,25.0,2019-02-10
25,Naive,35.0,54.211805555666665,26.0,61.0,0.0,35.0,13.0,0.0,25.0,2019-02-17
26,Naive,31.0,54.211805555666665,50.0,55.0,0.0,31.0,25.0,0.0,25.0,2019-02-24
27,Naive,57.0,54.211805555666665,47.0,54.0,0.0,57.0,23.5,0.0,25.0,2019-03-03
28,Naive,26.0,54.211805555666665,71.0,50.0,0.0,26.0,35.5,0.0,25.0,2019-03-10
29,Naive,88.0,54.211805555666665,18.0,35.0,0.0,88.0,9.0,0.0,25.0,2019-03-17
30,Naive,74.0,54.211805555666665,0.0,31.0,25.0,49.0,0.0,200.0,25.0,2019-03-24
31,Naive,53.0,54.211805555666665,4.0,57.0,0.0,53.0,2.0,0.0,25.0,2019-03-31
32,Naive,51.0,54.211805555666665,0.0,26.0,21.0,30.0,0.0,168.0,25.0,2019-04-07
33,Naive,42.0,54.211805555666665,46.0,88.0,0.0,42.0,23.0,0.0,25.0,2019-04-14
34,Naive,36.0,54.211805555666665,59.0,49.0,0.0,36.0,29.5,0.0,25.0,2019-04-21
35,Naive,62.0,54.211805555666665,50.0,53.0,0.0,62.0,25.0,0.0,25.0,2019-04-28
36,Naive,64.0,54.211805555666665,16.0,30.0,0.0,64.0,8.0,0.0,25.0,2019-05-05
37,Naive,123.0,54.211805555666665,0.0,42.0,65.0,58.0,0.0,520.0,25.0,2019-05-12
38,Naive,61.29166667,54.211805555666665,0.0,36.0,25.291666669999998,36.0,0.0,202.33333335999998,25.0,2019-05-19
39,Naive,65.0,54.211805555666665,0.0,62.0,3.0,62.0,0.0,24.0,25.0,2019-05-26
40,Naive,27.0,54.211805555666665,37.0,64.0,0.0,27.0,18.5,0.0,25.0,2019-06-02
41,Naive,45.0,54.211805555666665,50.0,58.0,0.0,45.0,25.0,0.0,25.0,2019-06-09
42,Naive,23.0,54.211805555666665,63.0,36.0,0.0,23.0,31.5,0.0,25.0,2019-06-16
43,Naive,32.0,54.211805555666665,93.0,62.0,0.0,32.0,46.5,0.0,25.0,2019-06-23
44,Naive,28.0,54.211805555666665,92.0,27.0,0.0,28.0,46.0,0.0,25.0,2019-06-30
45,Naive,17.0,54.211805555666665,120.0,45.0,0.0,17.0,60.0,0.0,25.0,2019-07-07
46,Naive,15.0,54.211805555666665,128.0,23.0,0.0,15.0,64.0,0.0,25.0,2019-07-14
47,Naive,15.0,54.211805555666665,145.0,32.0,0.0,15.0,72.5,0.0,25.0,2019-07-21
48,Naive,30.0,54.211805555666665,143.0,28.0,0.0,30.0,71.5,0.0,25.0,2019-07-28
49,Naive,48.0,54.211805555666665,112.0,17.0,0.0,48.0,56.0,0.0,25.0,2019-08-04
50,Naive,66.0,54.211805555666665,61.0,15.0,0.0,66.0,30.5,0.0,25.0,2019-08-11
51,Naive,35.0,54.211805555666665,41.0,15.0,0.0,35.0,20.5,0.0,25.0,2019-08-18
52,Naive,24.0,54.211805555666665,47.0,30.0,0.0,24.0,23.5,0.0,25.0,2019-08-25
53,Naive,15.0,54.211805555666665,80.0,48.0,0.0,15.0,40.0,0.0,25.0,2019-09-01
54,Naive,15.0,54.211805555666665,131.0,66.0,0.0,15.0,65.5,0.0,25.0,2019-09-08
55,Naive,30.0,54.211805555666665,136.0,35.0,0.0,30.0,68.0,0.0,25.0,2019-09-15
56,Naive,26.0,54.211805555666665,134.0,24.0,0.0,26.0,67.0,0.0,25.0,2019-09-22
57,Naive,40.41666667,54.211805555666665,108.58333333,15.0,0.0,40.41666667,54.291666665,0.0,25.0,2019-09-29
58,Naive,30.0,54.211805555666665,93.58333333,15.0,0.0,0.0,46.791666665,0.0,0.0,2019-10-06
59,Naive,12.0,54.211805555666665,111.58333333,30.0,0.0,0.0,55.791666665,0.0,0.0,2019-10-13
0,XGBoost,79.0,32.472214,121.0,0.0,0.0,99.0,60.5,0.0,25.0,2018-08-26
1,XGBoost,36.0,11.14639,85.0,0.0,0.0,36.0,42.5,0.0,25.0,2018-09-02
2,XGBoost,43.0,21.476223,42.0,0.0,0.0,43.0,21.0,0.0,25.0,2018-09-09
3,XGBoost,42.0,24.08891,0.0,0.0,0.0,42.0,0.0,0.0,25.0,2018-09-16
4,XGBoost,47.0,29.76409,52.0,99.0,0.0,47.0,26.0,0.0,25.0,2018-09-23
5,XGBoost,67.0,16.866163,21.0,36.0,0.0,67.0,10.5,0.0,25.0,2018-09-30
6,XGBoost,63.0,30.98823,1.0,43.0,0.0,63.0,0.5,0.0,25.0,2018-10-07
7,XGBoost,56.0,43.813995,0.0,42.0,13.0,43.0,0.0,104.0,25.0,2018-10-14
8,XGBoost,67.0,51.280052,0.0,47.0,20.0,47.0,0.0,160.0,25.0,2018-10-21
9,XGBoost,116.0,37.499775,0.0,67.0,49.0,67.0,0.0,392.0,25.0,2018-10-28
10,XGBoost,46.0,38.59652,17.0,63.0,0.0,46.0,8.5,0.0,25.0,2018-11-04
11,XGBoost,93.0,53.53587,0.0,43.0,33.0,60.0,0.0,264.0,25.0,2018-11-11
12,XGBoost,100.0,40.686886,0.0,47.0,53.0,47.0,0.0,424.0,25.0,2018-11-18
13,XGBoost,67.0,40.93599,0.0,67.0,0.0,67.0,0.0,0.0,25.0,2018-11-25
14,XGBoost,70.0,37.92475,0.0,46.0,24.0,46.0,0.0,192.0,25.0,2018-12-02
15,XGBoost,56.0,39.120777,4.0,60.0,0.0,56.0,2.0,0.0,25.0,2018-12-09
16,XGBoost,98.0,46.12546,0.0,47.0,47.0,51.0,0.0,376.0,25.0,2018-12-16
17,XGBoost,58.0,38.94498,9.0,67.0,0.0,58.0,4.5,0.0,25.0,2018-12-23
18,XGBoost,96.0,43.628548,0.0,46.0,41.0,55.0,0.0,328.0,25.0,2018-12-30
19,XGBoost,54.0,39.110085,2.0,56.0,0.0,54.0,1.0,0.0,25.0,2019-01-06
20,XGBoost,50.0,47.8466,3.0,51.0,0.0,50.0,1.5,0.0,25.0,2019-01-13
21,XGBoost,121.0,42.47431,0.0,58.0,60.0,61.0,0.0,480.0,25.0,2019-01-20
22,XGBoost,93.0,41.068855,0.0,55.0,38.0,55.0,0.0,304.0,25.0,2019-01-27
23,XGBoost,131.0,40.579155,0.0,54.0,77.0,54.0,0.0,616.0,25.0,2019-02-03
24,XGBoost,62.0,41.068855,0.0,50.0,12.0,50.0,0.0,96.0,25.0,2019-02-10
25,XGBoost,35.0,43.141064,26.0,61.0,0.0,35.0,13.0,0.0,25.0,2019-02-17
26,XGBoost,31.0,46.92965,50.0,55.0,0.0,31.0,25.0,0.0,25.0,2019-02-24
27,XGBoost,57.0,43.432526,47.0,54.0,0.0,57.0,23.5,0.0,25.0,2019-03-03
28,XGBoost,26.0,40.971565,71.0,50.0,0.0,26.0,35.5,0.0,25.0,2019-03-10
29,XGBoost,88.0,29.864388,18.0,35.0,0.0,88.0,9.0,0.0,25.0,2019-03-17
30,XGBoost,74.0,44.42386,0.0,31.0,25.0,49.0,0.0,200.0,25.0,2019-03-24
31,XGBoost,53.0,40.312996,4.0,57.0,0.0,53.0,2.0,0.0,25.0,2019-03-31
32,XGBoost,51.0,38.62646,0.0,26.0,21.0,30.0,0.0,168.0,25.0,2019-04-07
33,XGBoost,42.0,42.756172,46.0,88.0,0.0,42.0,23.0,0.0,25.0,2019-04-14
34,XGBoost,36.0,36.90502,59.0,49.0,0.0,36.0,29.5,0.0,25.0,2019-04-21
35,XGBoost,62.0,42.755726,50.0,53.0,0.0,62.0,25.0,0.0,25.0,2019-04-28
36,XGBoost,64.0,35.990158,16.0,30.0,0.0,64.0,8.0,0.0,25.0,2019-05-05
37,XGBoost,123.0,33.597237,0.0,42.0,65.0,58.0,0.0,520.0,25.0,2019-05-12
38,XGBoost,61.29166667,40.186863,0.0,36.0,25.291666669999998,36.0,0.0,202.33333335999998,25.0,2019-05-19
39,XGBoost,65.0,38.384888,0.0,62.0,3.0,62.0,0.0,24.0,25.0,2019-05-26
40,XGBoost,27.0,33.9935,37.0,64.0,0.0,27.0,18.5,0.0,25.0,2019-06-02
41,XGBoost,45.0,43.72839,50.0,58.0,0.0,45.0,25.0,0.0,25.0,2019-06-09
42,XGBoost,23.0,43.78738,63.0,36.0,0.0,23.0,31.5,0.0,25.0,2019-06-16
43,XGBoost,32.0,36.419094,93.0,62.0,0.0,0.0,46.5,0.0,0.0,2019-06-23
44,XGBoost,28.0,22.65129,92.0,27.0,0.0,0.0,46.0,0.0,0.0,2019-06-30
45,XGBoost,17.0,18.592134,120.0,45.0,0.0,77.0,60.0,0.0,25.0,2019-07-07
46,XGBoost,15.0,26.407463,128.0,23.0,0.0,0.0,64.0,0.0,0.0,2019-07-14
47,XGBoost,15.0,28.87059,113.0,0.0,0.0,0.0,56.5,0.0,0.0,2019-07-21
48,XGBoost,30.0,33.370007,83.0,0.0,0.0,60.0,41.5,0.0,25.0,2019-07-28
49,XGBoost,48.0,25.30475,112.0,77.0,0.0,0.0,56.0,0.0,0.0,2019-08-04
50,XGBoost,66.0,33.47036,46.0,0.0,0.0,114.0,23.0,0.0,25.0,2019-08-11
51,XGBoost,35.0,21.505243,11.0,0.0,0.0,35.0,5.5,0.0,25.0,2019-08-18
52,XGBoost,24.0,35.123047,47.0,60.0,0.0,24.0,23.5,0.0,25.0,2019-08-25
53,XGBoost,15.0,31.349184,32.0,0.0,0.0,15.0,16.0,0.0,25.0,2019-09-01
54,XGBoost,15.0,36.67325,131.0,114.0,0.0,0.0,65.5,0.0,0.0,2019-09-08
55,XGBoost,30.0,34.851482,136.0,35.0,0.0,0.0,68.0,0.0,0.0,2019-09-15
56,XGBoost,26.0,26.978704,134.0,24.0,0.0,71.0,67.0,0.0,25.0,2019-09-22
57,XGBoost,40.41666667,26.74864,108.58333333,15.0,0.0,0.0,54.291666665,0.0,0.0,2019-09-29
58,XGBoost,30.0,34.31728,78.58333333,0.0,0.0,70.41666666999998,39.291666665,0.0,25.0,2019-10-06
59,XGBoost,12.0,29.248129,66.58333333,0.0,0.0,12.0,33.291666665,0.0,25.0,2019-10-13
0,SARIMA,79.0,19.23157357923968,121.0,0.0,0.0,99.0,60.5,0.0,25.0,2018-08-26
1,SARIMA,36.0,19.23157357923968,85.0,0.0,0.0,36.0,42.5,0.0,25.0,2018-09-02
2,SARIMA,43.0,19.23157357923968,42.0,0.0,0.0,43.0,21.0,0.0,25.0,2018-09-09
3,SARIMA,42.0,19.23157357923968,0.0,0.0,0.0,42.0,0.0,0.0,25.0,2018-09-16
4,SARIMA,47.0,19.23157357923968,52.0,99.0,0.0,47.0,26.0,0.0,25.0,2018-09-23
5,SARIMA,67.0,19.23157357923968,21.0,36.0,0.0,67.0,10.5,0.0,25.0,2018-09-30
6,SARIMA,63.0,19.23157357923968,1.0,43.0,0.0,63.0,0.5,0.0,25.0,2018-10-07
7,SARIMA,56.0,19.23157357923968,0.0,42.0,13.0,43.0,0.0,104.0,25.0,2018-10-14
8,SARIMA,67.0,19.23157357923968,0.0,47.0,20.0,47.0,0.0,160.0,25.0,2018-10-21
9,SARIMA,116.0,19.23157357923968,0.0,67.0,49.0,67.0,0.0,392.0,25.0,2018-10-28
10,SARIMA,46.0,19.23157357923968,17.0,63.0,0.0,46.0,8.5,0.0,25.0,2018-11-04
11,SARIMA,93.0,19.23157357923968,0.0,43.0,33.0,60.0,0.0,264.0,25.0,2018-11-11
12,SARIMA,100.0,19.23157357923968,0.0,47.0,53.0,47.0,0.0,424.0,25.0,2018-11-18
13,SARIMA,67.0,19.23157357923968,0.0,67.0,0.0,67.0,0.0,0.0,25.0,2018-11-25
14,SARIMA,70.0,19.23157357923968,0.0,46.0,24.0,46.0,0.0,192.0,25.0,2018-12-02
15,SARIMA,56.0,19.23157357923968,4.0,60.0,0.0,56.0,2.0,0.0,25.0,2018-12-09
16,SARIMA,98.0,19.23157357923968,0.0,47.0,47.0,51.0,0.0,376.0,25.0,2018-12-16
17,SARIMA,58.0,19.23157357923968,9.0,67.0,0.0,58.0,4.5,0.0,25.0,2018-12-23
18,SARIMA,96.0,19.23157357923968,0.0,46.0,41.0,55.0,0.0,328.0,25.0,2018-12-30
19,SARIMA,54.0,19.23157357923968,2.0,56.0,0.0,54.0,1.0,0.0,25.0,2019-01-06
20,SARIMA,50.0,19.23157357923968,3.0,51.0,0.0,50.0,1.5,0.0,25.0,2019-01-13
21,SARIMA,121.0,19.23157357923968,0.0,58.0,60.0,61.0,0.0,480.0,25.0,2019-01-20
22,SARIMA,93.0,19.23157357923968,0.0,55.0,38.0,55.0,0.0,304.0,25.0,2019-01-27
23,SARIMA,131.0,19.23157357923968,0.0,54.0,77.0,54.0,0.0,616.0,25.0,2019-02-03
24,SARIMA,62.0,19.23157357923968,0.0,50.0,12.0,50.0,0.0,96.0,25.0,2019-02-10
25,SARIMA,35.0,19.23157357923968,26.0,61.0,0.0,35.0,13.0,0.0,25.0,2019-02-17
26,SARIMA,31.0,19.23157357923968,50.0,55.0,0.0,31.0,25.0,0.0,25.0,2019-02-24
27,SARIMA,57.0,19.23157357923968,47.0,54.0,0.0,57.0,23.5,0.0,25.0,2019-03-03
28,SARIMA,26.0,19.23157357923968,71.0,50.0,0.0,26.0,35.5,0.0,25.0,2019-03-10
29,SARIMA,88.0,19.23157357923968,18.0,35.0,0.0,88.0,9.0,0.0,25.0,2019-03-17
30,SARIMA,74.0,19.23157357923968,0.0,31.0,25.0,49.0,0.0,200.0,25.0,2019-03-24
31,SARIMA,53.0,19.23157357923968,4.0,57.0,0.0,53.0,2.0,0.0,25.0,2019-03-31
32,SARIMA,51.0,19.23157357923968,0.0,26.0,21.0,30.0,0.0,168.0,25.0,2019-04-07
33,SARIMA,42.0,19.23157357923968,46.0,88.0,0.0,42.0,23.0,0.0,25.0,2019-04-14
34,SARIMA,36.0,19.23157357923968,59.0,49.0,0.0,36.0,29.5,0.0,25.0,2019-04-21
35,SARIMA,62.0,19.23157357923968,50.0,53.0,0.0,62.0,25.0,0.0,25.0,2019-04-28
36,SARIMA,64.0,19.23157357923968,16.0,30.0,0.0,64.0,8.0,0.0,25.0,2019-05-05
37,SARIMA,123.0,19.23157357923968,0.0,42.0,65.0,58.0,0.0,520.0,25.0,2019-05-12
38,SARIMA,61.29166667,19.23157357923968,0.0,36.0,25.291666669999998,36.0,0.0,202.33333335999998,25.0,2019-05-19
39,SARIMA,65.0,19.23157357923968,0.0,62.0,3.0,62.0,0.0,24.0,25.0,2019-05-26
40,SARIMA,27.0,19.23157357923968,37.0,64.0,0.0,27.0,18.5,0.0,25.0,2019-06-02
41,SARIMA,45.0,19.23157357923968,50.0,58.0,0.0,45.0,25.0,0.0,25.0,2019-06-09
42,SARIMA,23.0,19.23157357923968,63.0,36.0,0.0,23.0,31.5,0.0,25.0,2019-06-16
43,SARIMA,32.0,19.23157357923968,93.0,62.0,0.0,0.0,46.5,0.0,0.0,2019-06-23
44,SARIMA,28.0,19.23157357923968,92.0,27.0,0.0,0.0,46.0,0.0,0.0,2019-06-30
45,SARIMA,17.0,19.23157357923968,120.0,45.0,0.0,0.0,60.0,0.0,0.0,2019-07-07
46,SARIMA,15.0,19.23157357923968,128.0,23.0,0.0,0.0,64.0,0.0,0.0,2019-07-14
47,SARIMA,15.0,19.23157357923968,113.0,0.0,0.0,107.0,56.5,0.0,25.0,2019-07-21
48,SARIMA,30.0,19.23157357923968,83.0,0.0,0.0,30.0,41.5,0.0,25.0,2019-07-28
49,SARIMA,48.0,19.23157357923968,35.0,0.0,0.0,48.0,17.5,0.0,25.0,2019-08-04
50,SARIMA,66.0,19.23157357923968,0.0,0.0,31.0,35.0,0.0,248.0,25.0,2019-08-11
51,SARIMA,35.0,19.23157357923968,72.0,107.0,0.0,35.0,36.0,0.0,25.0,2019-08-18
52,SARIMA,24.0,19.23157357923968,78.0,30.0,0.0,24.0,39.0,0.0,25.0,2019-08-25
53,SARIMA,15.0,19.23157357923968,111.0,48.0,0.0,0.0,55.5,0.0,0.0,2019-09-01
54,SARIMA,15.0,19.23157357923968,131.0,35.0,0.0,0.0,65.5,0.0,0.0,2019-09-08
55,SARIMA,30.0,19.23157357923968,136.0,35.0,0.0,0.0,68.0,0.0,0.0,2019-09-15
56,SARIMA,26.0,19.23157357923968,134.0,24.0,0.0,0.0,67.0,0.0,0.0,2019-09-22
57,SARIMA,40.41666667,19.23157357923968,93.58333333,0.0,0.0,126.41666667,46.791666665,0.0,25.0,2019-09-29
58,SARIMA,30.0,19.23157357923968,63.58333333,0.0,0.0,29.999999999999986,31.791666665,0.0,25.0,2019-10-06
59,SARIMA,12.0,19.23157357923968,51.58333333,0.0,0.0,12.0,25.791666665,0.0,25.0,2019-10-13
0,Perfect,79.0,79.0,121.0,0.0,0.0,99.0,60.5,0.0,25.0,2018-08-26
1,Perfect,36.0,36.0,85.0,0.0,0.0,36.0,42.5,0.0,25.0,2018-09-02
2,Perfect,43.0,43.0,42.0,0.0,0.0,43.0,21.0,0.0,25.0,2018-09-09
3,Perfect,42.0,42.0,0.0,0.0,0.0,42.0,0.0,0.0,25.0,2018-09-16
4,Perfect,47.0,47.0,52.0,99.0,0.0,47.0,26.0,0.0,25.0,2018-09-23
5,Perfect,67.0,67.0,21.0,36.0,0.0,67.0,10.5,0.0,25.0,2018-09-30
6,Perfect,63.0,63.0,1.0,43.0,0.0,63.0,0.5,0.0,25.0,2018-10-07
7,Perfect,56.0,56.0,0.0,42.0,13.0,43.0,0.0,104.0,25.0,2018-10-14
8,Perfect,67.0,67.0,0.0,47.0,20.0,47.0,0.0,160.0,25.0,2018-10-21
9,Perfect,116.0,116.0,0.0,67.0,49.0,67.0,0.0,392.0,25.0,2018-10-28
10,Perfect,46.0,46.0,17.0,63.0,0.0,46.0,8.5,0.0,25.0,2018-11-04
11,Perfect,93.0,93.0,0.0,43.0,33.0,60.0,0.0,264.0,25.0,2018-11-11
12,Perfect,100.0,100.0,0.0,47.0,53.0,47.0,0.0,424.0,25.0,2018-11-18
13,Perfect,67.0,67.0,0.0,67.0,0.0,67.0,0.0,0.0,25.0,2018-11-25
14,Perfect,70.0,70.0,0.0,46.0,24.0,46.0,0.0,192.0,25.0,2018-12-02
15,Perfect,56.0,56.0,4.0,60.0,0.0,56.0,2.0,0.0,25.0,2018-12-09
16,Perfect,98.0,98.0,0.0,47.0,47.0,51.0,0.0,376.0,25.0,2018-12-16
17,Perfect,58.0,58.0,9.0,67.0,0.0,58.0,4.5,0.0,25.0,2018-12-23
18,Perfect,96.0,96.0,0.0,46.0,41.0,55.0,0.0,328.0,25.0,2018-12-30
19,Perfect,54.0,54.0,2.0,56.0,0.0,54.0,1.0,0.0,25.0,2019-01-06
20,Perfect,50.0,50.0,3.0,51.0,0.0,50.0,1.5,0.0,25.0,2019-01-13
21,Perfect,121.0,121.0,0.0,58.0,60.0,61.0,0.0,480.0,25.0,2019-01-20
22,Perfect,93.0,93.0,0.0,55.0,38.0,55.0,0.0,304.0,25.0,2019-01-27
23,Perfect,131.0,131.0,0.0,54.0,77.0,54.0,0.0,616.0,25.0,2019-02-03
24,Perfect,62.0,62.0,0.0,50.0,12.0,50.0,0.0,96.0,25.0,2019-02-10
25,Perfect,35.0,35.0,26.0,61.0,0.0,35.0,13.0,0.0,25.0,2019-02-17
26,Perfect,31.0,31.0,50.0,55.0,0.0,31.0,25.0,0.0,25.0,2019-02-24
27,Perfect,57.0,57.0,47.0,54.0,0.0,57.0,23.5,0.0,25.0,2019-03-03
28,Perfect,26.0,26.0,71.0,50.0,0.0,26.0,35.5,0.0,25.0,2019-03-10
29,Perfect,88.0,88.0,18.0,35.0,0.0,88.0,9.0,0.0,25.0,2019-03-17
30,Perfect,74.0,74.0,0.0,31.0,25.0,49.0,0.0,200.0,25.0,2019-03-24
31,Perfect,53.0,53.0,4.0,57.0,0.0,53.0,2.0,0.0,25.0,2019-03-31
32,Perfect,51.0,51.0,0.0,26.0,21.0,30.0,0.0,168.0,25.0,2019-04-07
33,Perfect,42.0,42.0,46.0,88.0,0.0,42.0,23.0,0.0,25.0,2019-04-14
34,Perfect,36.0,36.0,59.0,49.0,0.0,36.0,29.5,0.0,25.0,2019-04-21
35,Perfect,62.0,62.0,50.0,53.0,0.0,62.0,25.0,0.0,25.0,2019-04-28
36,Perfect,64.0,64.0,16.0,30.0,0.0,64.0,8.0,0.0,25.0,2019-05-05
37,Perfect,123.0,123.0,0.0,42.0,65.0,58.0,0.0,520.0,25.0,2019-05-12
38,Perfect,61.29166667,61.29166667,0.0,36.0,25.291666669999998,36.0,0.0,202.33333335999998,25.0,2019-05-19
39,Perfect,65.0,65.0,0.0,62.0,3.0,62.0,0.0,24.0,25.0,2019-05-26
40,Perfect,27.0,27.0,37.0,64.0,0.0,27.0,18.5,0.0,25.0,2019-06-02
41,Perfect,45.0,45.0,50.0,58.0,0.0,45.0,25.0,0.0,25.0,2019-06-09
42,Perfect,23.0,23.0,63.0,36.0,0.0,23.0,31.5,0.0,25.0,2019-06-16
43,Perfect,32.0,32.0,93.0,62.0,0.0,0.0,46.5,0.0,0.0,2019-06-23
44,Perfect,28.0,28.0,92.0,27.0,0.0,0.0,46.0,0.0,0.0,2019-06-30
45,Perfect,17.0,17.0,120.0,45.0,0.0,0.0,60.0,0.0,0.0,2019-07-07
46,Perfect,15.0,15.0,128.0,23.0,0.0,92.0,64.0,0.0,25.0,2019-07-14
47,Perfect,15.0,15.0,113.0,0.0,0.0,15.0,56.5,0.0,25.0,2019-07-21
48,Perfect,30.0,30.0,83.0,0.0,0.0,30.0,41.5,0.0,25.0,2019-07-28
49,Perfect,48.0,48.0,35.0,0.0,0.0,48.0,17.5,0.0,25.0,2019-08-04
50,Perfect,66.0,66.0,61.0,92.0,0.0,66.0,30.5,0.0,25.0,2019-08-11
51,Perfect,35.0,35.0,41.0,15.0,0.0,35.0,20.5,0.0,25.0,2019-08-18
52,Perfect,24.0,24.0,47.0,30.0,0.0,24.0,23.5,0.0,25.0,2019-08-25
53,Perfect,15.0,15.0,80.0,48.0,0.0,15.0,40.0,0.0,25.0,2019-09-01
54,Perfect,15.0,15.0,131.0,66.0,0.0,0.0,65.5,0.0,0.0,2019-09-08
55,Perfect,30.0,30.0,136.0,35.0,0.0,45.0,68.0,0.0,25.0,2019-09-15
56,Perfect,26.0,26.0,134.0,24.0,0.0,0.0,67.0,0.0,0.0,2019-09-22
57,Perfect,40.41666667,40.41666667,108.58333333,15.0,0.0,0.0,54.291666665,0.0,0.0,2019-09-29
58,Perfect,30.0,30.0,78.58333333,0.0,0.0,96.41666666999998,39.291666665,0.0,25.0,2019-10-06
59,Perfect,12.0,12.0,111.58333333,45.0,0.0,0.0,55.791666665,0.0,0.0,2019-10-13
