fold,train_weeks,test_start,test_end,LGBA_MAE,LGBA_RMSE,LGBA_MAPE,LGBA_R2,LGBB_MAE,LGBB_RMSE,LGBB_MAPE,LGBB_R2,LGBC_MAE,LGBC_RMSE,LGBC_MAPE,LGBC_R2
1,104,2016-01-31,2016-02-21,22.30763028047503,26.47125255565962,33.53133397917774,-2.279214796679806,19.26613959423387,22.79803443924644,28.989342269809864,-1.432291894907595,18.276617119071112,21.555761429477293,27.36156683077864,-1.1744409514105456
2,108,2016-02-28,2016-03-20,25.869126807751712,28.79687994652825,41.20073507947593,-1.186579550836548,23.99912784768385,25.627869319512737,43.47251825373804,-0.7318066865076396,21.729510817271006,24.034369463936937,42.732858589543405,-0.5231401859697413
3,112,2016-03-27,2016-04-17,17.93373246371464,20.26373016204303,28.73878453855957,-3.6136939334841838,18.5649404346615,21.306411704727427,30.245721076210728,-4.100709884621864,20.50623212216186,24.047326127763895,32.81711884516613,-5.497459481966697
4,116,2016-04-24,2016-05-15,16.965303176547337,21.523550124234518,132.59441950888663,-2.3045971284917397,14.556183091784753,17.4178494061944,97.18823573346506,-1.1641121921488482,11.600671447233651,15.155518417055923,93.05382465644942,-0.6384466410323406
5,120,2016-05-22,2016-06-12,10.019881246921631,11.454351433902477,26.77870629319016,-0.6555478456951891,7.112011651705974,8.599623936855275,22.330768182905995,0.06683240561092452,7.835336216721805,9.84500066535303,23.867948628116135,-0.22301625363787503
6,124,2016-06-19,2016-07-10,16.160198929147775,18.553634021981658,80.20331795242886,-1.1054271279610721,14.932406312261051,15.036997583410521,60.21016727058657,-0.382943708400574,18.277071020309727,20.2367043192064,59.58721866587167,-1.5047351786115404
7,128,2016-07-17,2016-08-07,16.196752524766502,20.759825631533218,75.86270360249954,-0.1471511835013506,13.578329442469698,16.874919232801687,46.28200373345476,0.24202189555526787,17.201629323676425,20.95902014509593,65.27136248976223,-0.16927107088347904
8,132,2016-08-14,2016-09-04,10.093314286353134,11.288412821135617,67.27645750144544,-14.563757437603542,3.9845507132301714,4.46937121929318,23.92724833076672,-1.4397287445308344,7.259446064793182,7.360281534851986,45.48614797461992,-5.616640521805571
9,136,2016-09-11,2016-10-02,5.028171445499423,7.353797599325913,18.143666603461888,-1.060127205022916,10.89649448826633,13.068080202942424,33.14776741547243,-5.505703626306122,6.327059855466289,6.872641108239883,19.057220255595933,-0.7993598401016655
10,140,2016-10-09,2016-10-30,12.433304010842708,13.886444400110085,27.101965966095854,-0.6887429716680784,14.66053341719381,15.9524521346094,32.54999200758206,-1.2286216013749667,12.26601046828601,14.273910560338221,25.154090803403474,-0.7842979545443678
11,144,2016-11-06,2016-11-27,14.656181004501272,17.482929374637436,50.49446393877092,-2.2865894571888234,17.149663030462875,19.187040881210795,51.17994306334741,-2.95852191158338,7.4039129045647964,10.819009521127393,29.17540858944846,-0.25861254858328153
12,148,2016-12-04,2016-12-25,24.037839375090485,26.612251284457695,40.08690962134093,-0.6052402174293703,24.545322369963845,25.519856735365185,45.74782401389275,-0.4761594283463695,31.0459529421583,34.588701402753735,47.74851638709472,-1.7117229403119039
13,152,2017-01-01,2017-01-22,7.077242752831077,9.292486698612812,15.589343427171528,-0.19075326956915606,8.059225077709172,11.061083720702644,22.378269097954,-0.6871482485431188,8.696603217975156,11.491736903985561,23.448577939990404,-0.8210808837525674
14,156,2017-01-29,2017-02-19,12.206788875810561,15.984242402673429,40.307765201033185,-0.20048290707901528,15.866794265985847,18.679809924013263,64.42419526794303,-0.6395202014033083,16.13740208944455,20.39362797782427,71.4157872074669,-0.9541632959598354
15,160,2017-02-26,2017-03-19,9.27224408055244,10.9724868563135,33.19536096423032,-0.03621704410519633,8.899882381502886,11.5005633656725,29.577433590588114,-0.1383578933004701,8.743082756247286,11.967952037852125,23.854668852731862,-0.23276493581778457
16,164,2017-03-26,2017-04-16,20.735180747480086,23.171366074107116,51.22032746877385,-1.5266456740719159,18.424767046952937,22.90815080838457,41.242540486997115,-1.4695688162808973,17.02050031794041,20.05873431268058,40.34838969710589,-0.89342504577275
17,168,2017-04-23,2017-05-14,11.136529577775326,13.074633159899562,40.8369313071255,-0.044125815177529004,8.505569435911998,11.73941373200022,38.314326954911756,0.15824321474025738,12.58471141202971,15.382604502011215,50.787925070342666,-0.44528520423774887
18,172,2017-05-21,2017-06-11,19.13998197718969,20.299066888345696,66.14030275178116,-5.042927465261707,12.92488730426697,13.644729200163084,41.163655239206314,-1.730392446500944,9.791211230320652,11.34641044146956,35.5179657748881,-0.8880444349226686
19,176,2017-06-18,2017-07-09,8.287564105395244,9.005069602270229,25.6249694356965,-0.718490671083047,9.061256864758883,10.66139738967569,30.662336841332245,-1.408803058025613,4.286812972510854,5.182823280187433,14.05722303709206,0.4307463384656355
20,180,2017-07-16,2017-08-06,15.815005080897365,18.663878782968645,143.33549173288714,-2.870448569170524,19.063463501677912,23.717844111724894,198.287018556774,-5.25040143675648,16.03959337230294,17.679832664251627,145.3061900228422,-2.4730720337326533
21,184,2017-08-13,2017-09-03,7.751093839124089,7.974533085882128,49.01895473653689,-2.699966716382763,8.885369316671362,10.548814297496866,61.79353492707988,-5.474326288469777,8.360800149306334,8.92478067532941,52.77756816221688,-3.634281315068119
22,188,2017-09-10,2017-10-01,29.51664138036845,40.161880191901794,83.91204377219596,-0.31063053825497833,28.076417153546693,38.12152105563686,83.74579397076761,-0.18084433911562803,24.75529523379318,31.039121695045626,94.31993239669113,0.21716351583984395
23,192,2017-10-08,2017-10-29,18.826839133151203,22.450381774403315,32.31540485955573,-3.122860055758369,14.132350516113517,18.957532450725537,22.77790067259808,-1.939779440656947,14.731774913206683,18.237804575649232,24.467676103839807,-1.7207976747613252
24,196,2017-11-05,2017-11-26,16.641820151005856,18.31713914339538,55.20089662674592,-0.04522612585204744,16.944414329475244,21.114692865406084,38.073904423461194,-0.38887929844370905,17.181528142922517,19.924073010802513,42.46424892677917,-0.23666257115199096
25,200,2017-12-03,2017-12-24,18.71453667868898,19.416716483812706,44.3889786975877,-1.3164908080661384,23.2187265126687,24.444357819066287,54.585317070254206,-2.67143858179138,20.443249087108914,24.53550354915018,48.01619800239323,-2.698869028635092
26,204,2017-12-31,2018-01-21,23.837049609879585,25.74186967822275,41.585238615315426,-2.1526320762681115,17.27966610369608,23.070461893660585,26.85991139541506,-1.5322448384744343,14.680318380314013,20.29816366461763,22.26115238148273,-0.9602281208711432
27,208,2018-01-28,2018-02-18,8.87482973215397,12.022394930061136,16.806142238875346,0.19762066913767584,13.305335454173626,15.255370992496088,26.78521685694385,-0.29194284060251374,9.435700503355289,12.30961326717188,19.99333452508117,0.15882458702032975
28,212,2018-02-25,2018-03-18,18.75067036692112,18.97428131731151,27.949673177411682,-29.80413702746325,18.567702751436123,20.721521851602017,27.235682963936153,-35.73852131306267,21.204942567069168,21.936647433542635,31.435133841491382,-40.173604331426965
29,216,2018-03-25,2018-04-15,3.135984856164013,4.255216043232797,5.351939601480406,-0.23280773273775512,4.534332435995861,5.095221079091796,8.154113082636783,-0.7675763639027309,13.038626481645931,13.953337542589827,23.15297504061909,-12.255872583996371
30,220,2018-04-22,2018-05-13,14.758608522952802,16.512694719879025,41.77180818831292,-0.012933687158284357,16.73470140547684,19.52975527922054,42.65525357502764,-0.41689841194796395,14.00402575470508,17.533064597492043,34.588584554426234,-0.14198599184519645
31,224,2018-05-20,2018-06-10,9.581837265811888,10.058200594209925,29.963624727545135,-0.024479991831543035,9.796510405694567,11.950173466946817,29.302634794209435,-0.44614324952019935,11.060217033776066,13.545534160347975,26.849036765537715,-0.8580404626749765
32,228,2018-06-17,2018-07-08,11.08860492544083,14.566318889390372,53.92147679342681,-1.6794335720588571,7.8222706539076095,8.997627581343743,33.15028068941391,-0.02234951340246427,8.80943318278068,11.079046195919442,34.9565312399185,-0.5500585901981632
33,232,2018-07-15,2018-08-05,15.563815189554466,17.94516496644312,246.24430956928464,-4.908787993997384,16.97450776802043,19.292382698651277,255.16856351622397,-5.829284957637049,14.533176968136047,16.289969485079208,218.90604091366362,-3.869047813299299
34,236,2018-08-12,2018-09-02,19.003892283024438,27.017566959935593,38.399830412742105,-0.21354767154547516,21.132080826479537,29.69129342745657,42.32631666772089,-0.4656241153704501,20.829916066326966,30.138366764186152,39.86636220115446,-0.510093351974398
35,240,2018-09-09,2018-09-30,11.53968393441195,14.508005922996169,21.015489271670614,-1.0497357113737498,23.700111114453392,27.904922974187794,44.545404277965815,-6.583052720100827,11.163122350456817,13.6534646407101,20.627254773240118,-0.8153825606341665
36,244,2018-10-07,2018-10-28,26.32523321489372,34.873320931446834,30.29506442552402,-1.1630031352382173,37.226065926350316,43.95846321323824,45.57114825424339,-2.4368101166200438,21.938469000295775,31.73570027450128,23.975947931493092,-0.7912933248785781
37,248,2018-11-04,2018-11-25,27.121452656530675,31.81038885796346,32.33853019454651,-1.193822957820804,27.213285181944393,31.543522813667124,32.79652457069119,-1.1571681983660453,29.32403518867573,30.779201717873953,38.932109586293016,-1.05389541114271
38,252,2018-12-02,2018-12-23,14.010960207659878,19.780864364506645,16.958313054056664,-0.39370470171686134,15.701715831819053,20.202320630407335,21.005789568787474,-0.4537266566474867,16.590006054497575,24.49404090499284,19.443020149376693,-1.1369832229936332
39,256,2018-12-30,2019-01-20,28.07492663629186,33.38503483174846,31.948742046001545,-0.2691601175341918,28.635860733796065,33.841476315497054,32.64619125187902,-0.3041013669772663,27.16239887328807,33.85860031926263,29.074993214718308,-0.3054214681711722
40,260,2019-01-27,2019-02-17,33.58092309334291,41.084200714051754,46.78930205328895,-0.31900291931623204,31.208313572440815,36.77879044490271,46.35592434071634,-0.05703886815340997,31.7400623941507,37.70252163859818,51.698146288516234,-0.1108025497701306
41,264,2019-02-24,2019-03-17,32.72350148438129,34.98176718100711,76.66668576888995,-1.0151898478488035,31.374166785465214,34.96232011509747,72.1439406039728,-1.0129499017382448,28.429032558160735,29.82892246518018,69.57522503691018,-0.46523608963973806
42,268,2019-03-24,2019-04-14,12.718261457436174,17.839015910847834,25.164301225941045,-1.3144035539453247,18.267732503932038,20.9449449801215,32.2030000262146,-2.190477965238669,14.64813901793887,17.49263767027027,27.76982568819203,-1.2253990739153342
43,272,2019-04-21,2019-05-12,26.194828143039036,35.23286953260347,30.108864389424596,-0.22338660474427652,21.33503139176164,33.027722664627156,22.064500827725116,-0.07504080262300117,27.594554049783394,37.83952026086104,31.689315898848054,-0.41110370786287764
44,276,2019-05-19,2019-06-09,14.153368036310185,19.953485269153425,44.30199563083516,-0.7582416538739376,19.80206048605875,22.94304889975356,53.25071882761995,-1.324573575136259,19.431951446357548,23.097574067232404,53.45406277645619,-1.3559917859467188
45,280,2019-06-16,2019-07-07,14.709952077226946,18.08192670820066,69.91848980594078,-9.37955788827747,14.067832342726494,15.340382406772694,62.08129069909438,-6.470708964635594,22.85542952723523,23.768096006421537,102.96176527955927,-16.934044056205444
46,284,2019-07-14,2019-08-04,7.850327103095714,8.70966956935047,40.40086850433629,0.5888436639172379,10.288539895429809,11.925664941633325,36.917807315052166,0.22915184661191224,7.390141043031498,10.25143046718855,41.20250530243823,0.43039660366611565
47,288,2019-08-11,2019-09-01,15.266328141765719,17.639163685750038,51.86166846369466,0.16021566657845376,17.31424028611889,18.865424619106303,65.36689919975893,0.0393947474785904,19.484226827126914,21.0565783777901,75.67271756978067,-0.19670578402163974
48,292,2019-09-08,2019-09-29,12.147497329234007,13.694333864798205,58.544586373218124,-1.2656752663090058,11.072342168377157,13.21563229355222,54.08434682429453,-1.1100450773079102,27.942725056154284,28.730730108244007,120.76049703531142,-8.972617574606476
