week_date,shap_R03_lag1,shap_R03_lag4_avg,shap_flu_au_positives,shap_flu_au_lagged,shap_flu_eu_positives,actual_R03,predicted_R03,baseline
2018-08-26,10.040035,-2.6061974,-1.2126081,-0.78942376,-7.6043615,79.0,32.47222,34.64478
2018-09-02,-1.71249,-4.990336,-1.5122116,-0.35111687,-14.932231,36.0,11.146393,34.64478
2018-09-09,2.798706,-0.67332876,-0.09546921,-1.6863468,-13.512113,43.0,21.476227,34.64478
2018-09-16,1.330905,5.6808467,0.59905696,-0.028301839,-18.138382,42.0,24.088903,34.64478
2018-09-23,0.8824084,10.30904,0.3190442,-0.22043239,-16.170755,47.0,29.764084,34.64478
2018-09-30,1.3807709,0.5382252,-0.3922096,-2.3779829,-16.927416,67.0,16.866167,34.64478
2018-10-07,-1.1526245,8.680473,-1.2730294,-0.7266125,-9.18474,63.0,30.988247,34.64478
2018-10-14,-3.3510964,2.832627,3.1527748,1.749832,4.7850785,56.0,43.813995,34.64478
2018-10-21,0.40349984,6.6748924,2.851544,2.1827056,4.5226383,67.0,51.28006,34.64478
2018-10-28,-3.7239723,5.673574,-0.47790524,-0.9309272,2.3142319,116.0,37.49978,34.64478
2018-11-04,-1.6945472,5.657857,-0.8145476,-0.26947638,1.0724651,46.0,38.59653,34.64478
2018-11-11,2.1242445,10.937153,2.3918183,0.03824312,3.3996446,93.0,53.53588,34.64478
2018-11-18,-2.5098238,6.85373,1.8020682,-1.8045665,1.7007178,100.0,40.686905,34.64478
2018-11-25,-1.4616019,6.2013364,2.3857536,-2.0498734,1.2156118,67.0,40.936005,34.64478
2018-12-02,-2.4627228,6.3683095,1.7102133,-2.231267,-0.104550846,70.0,37.924763,34.64478
2018-12-09,-0.88849086,6.203037,1.6470566,-2.7290452,0.24346115,56.0,39.120796,34.64478
2018-12-16,0.9686988,7.914706,0.12531328,0.6177126,1.8542684,98.0,46.12548,34.64478
2018-12-23,-1.6971419,6.160264,-0.34630355,-0.49637735,0.67977136,58.0,38.944992,34.64478
2018-12-30,1.7904749,8.575238,-3.8606012,-2.515557,4.994212,96.0,43.628548,34.64478
2019-01-06,-1.5912513,5.955243,-3.5592334,-0.6485254,4.3090878,54.0,39.1101,34.64478
2019-01-13,2.1977012,8.096346,-4.065969,-2.6877418,9.661486,50.0,47.846603,34.64478
2019-01-20,2.268763,6.050043,-2.6568868,-3.0312657,5.1988816,121.0,42.47431,34.64478
2019-01-27,-1.4964583,3.6089764,-2.0306616,-1.7647822,8.107022,93.0,41.068874,34.64478
2019-02-03,-2.103302,2.9670098,-2.0067058,-0.32708368,7.404474,131.0,40.57917,34.64478
2019-02-10,-1.493172,3.5782251,-1.9605229,-1.7473651,8.046931,62.0,41.068874,34.64478
2019-02-17,0.7333919,4.336405,-3.1929255,-2.1645982,8.784025,35.0,43.141075,34.64478
2019-02-24,1.4762274,6.219595,-2.1868682,-1.05746,7.8333817,31.0,46.929657,34.64478
2019-03-03,1.3425342,7.0075917,-2.2607784,-2.2656572,4.964066,57.0,43.432537,34.64478
2019-03-10,0.5835487,2.7382588,-4.7117715,-2.268067,9.984812,26.0,40.97156,34.64478
2019-03-17,-6.39268,5.3941145,-1.7985145,-1.86806,-0.1152523,88.0,29.864388,34.64478
2019-03-24,0.2310883,10.164852,-3.1879268,-2.6002855,5.1713624,74.0,44.42387,34.64478
2019-03-31,0.23609494,6.6123414,-3.6952846,-2.7327914,5.247876,53.0,40.313015,34.64478
2019-04-07,0.6575547,8.71104,-0.6810246,-1.9719453,-2.7339375,51.0,38.626465,34.64478
2019-04-14,3.0799134,8.624902,-0.08684913,-3.7267306,0.22016364,42.0,42.75618,34.64478
2019-04-21,0.8473923,5.0203843,0.2696051,-3.688486,-0.1886494,36.0,36.905025,34.64478
2019-04-28,3.2647855,6.350792,-2.1208892,-1.8228971,2.4391568,62.0,42.75573,34.64478
2019-05-05,-0.42362252,2.948555,0.15385811,-0.6117227,-0.7216728,64.0,35.990173,34.64478
2019-05-12,-1.2984948,1.4709681,-0.28631848,-1.1943797,0.2606951,123.0,33.597248,34.64478
2019-05-19,-1.9420583,5.603627,0.4033008,0.13742629,1.3397932,61.29166667,40.186867,34.64478
2019-05-26,0.3310821,7.1471863,-2.9949036,-2.0440736,1.3008163,65.0,38.384888,34.64478
2019-06-02,-2.594118,5.5717053,-2.6102622,-2.3766146,1.3579966,27.0,33.993484,34.64478
2019-06-09,-1.2664416,9.646262,-2.7414982,-1.9505479,5.395842,45.0,43.728397,34.64478
2019-06-16,1.3424035,10.074192,-4.646787,-2.1996439,4.5724325,23.0,43.787376,34.64478
2019-06-23,-1.1946473,1.9491752,-2.304836,-1.3832278,4.707851,32.0,36.419094,34.64478
2019-06-30,1.8763376,-5.0491843,-5.5410056,-1.6885833,-1.591057,28.0,22.651287,34.64478
2019-07-07,1.8980631,-3.7431355,-7.08029,-1.4314712,-5.6958027,17.0,18.592144,34.64478
2019-07-14,1.3732731,-5.7871437,-3.6549473,0.6006386,-0.76913166,15.0,26.407467,34.64478
2019-07-21,1.853155,-4.5910983,-3.6435237,1.0285146,-0.42123666,15.0,28.87059,34.64478
2019-07-28,1.6051091,-3.083815,0.40728164,0.980192,-1.1835446,30.0,33.370003,34.64478
2019-08-04,2.0925338,-4.172828,-0.73405236,-1.4954182,-5.0302606,48.0,25.304754,34.64478
2019-08-11,6.2580314,-1.2061362,-2.0636306,-1.3017054,-2.8609827,66.0,33.470356,34.64478
2019-08-18,-0.6481425,-0.35963905,-4.215734,0.16312566,-8.079142,35.0,21.505247,34.64478
2019-08-25,0.44397232,4.619239,-0.16295558,-2.290959,-2.1310236,24.0,35.12305,34.64478
2019-09-01,-1.2870452,-0.5721768,0.6148482,-1.52726,-0.5239503,15.0,31.349195,34.64478
2019-09-08,0.7189591,4.057175,-1.2590892,2.1797566,-3.6683285,15.0,36.673252,34.64478
2019-09-15,1.6023144,-4.0158367,1.6547368,0.91490144,0.05059112,30.0,34.851486,34.64478
2019-09-22,2.3661568,-3.9548495,-1.1366473,-0.71410894,-4.2266126,26.0,26.978718,34.64478
2019-09-29,-0.8056476,-6.3709593,-0.6085657,-0.75965565,0.6487026,40.41666667,26.748653,34.64478
2019-10-06,0.22555308,-5.21269,0.67370754,-1.1522242,5.138161,30.0,34.317287,34.64478
2019-10-13,2.7382734,-4.0786204,-1.6573241,-0.7516484,-1.647323,12.0,29.248137,34.64478
