week_date,actual_R03,pred_A,pred_B,fold,train_weeks
2016-01-31,62.0,28.736949920654297,44.3071403503418,1,104
2016-02-07,37.0,26.266937255859375,41.69874954223633,1,104
2016-02-14,78.0,61.3935432434082,48.4597282409668,1,104
2016-02-21,60.0,28.966588973999023,32.87327194213867,1,104
2016-02-28,67.0,56.566917419433594,58.147499084472656,2,108
2016-03-06,28.0,62.50128936767578,38.59524154663086,2,108
2016-03-13,62.0,30.197147369384766,32.40685272216797,2,108
2016-03-20,81.0,43.57075119018555,37.11520004272461,2,108
2016-03-27,52.0,48.67781066894531,39.29166030883789,3,112
2016-04-03,74.0,59.35895919799805,54.038658142089844,3,112
2016-04-10,60.0,31.798667907714844,33.52793884277344,3,112
2016-04-17,50.0,38.244571685791016,32.76582336425781,3,112
2016-04-24,40.0,67.95217895507812,39.9538688659668,4,116
2016-05-01,25.0,37.519195556640625,26.445186614990234,4,116
2016-05-08,9.0,33.61441421508789,19.97960662841797,4,116
2016-05-15,35.0,31.73948097229004,22.118785858154297,4,116
2016-05-22,46.0,26.207195281982422,25.192020416259766,5,120
2016-05-29,21.0,30.734838485717773,27.43308448791504,5,120
2016-06-05,35.0,29.881168365478516,23.442468643188477,5,120
2016-06-12,36.0,24.06736946105957,21.458621978759766,5,120
2016-06-19,42.0,40.19633102416992,41.295650482177734,6,124
2016-06-26,22.0,21.45608901977539,52.610191345214844,6,124
2016-07-03,45.0,27.643789291381836,33.101810455322266,6,124
2016-07-10,15.0,34.51936340332031,42.19895553588867,6,124
2016-07-17,21.0,27.930978775024414,18.302762985229492,7,128
2016-07-24,10.0,25.407129287719727,28.393587112426758,7,128
2016-07-31,30.0,33.17372131347656,10.163372039794922,7,128
2016-08-07,62.0,30.823705673217773,27.931386947631836,7,128
2016-08-14,13.0,25.828256607055664,27.596981048583984,8,132
2016-08-21,17.0,23.26504135131836,28.966289520263672,8,132
2016-08-28,21.0,25.819494247436523,25.951669692993164,8,132
2016-09-04,16.0,25.612545013427734,24.77644157409668,8,132
2016-09-11,26.0,24.056110382080078,39.236515045166016,9,136
2016-09-18,37.0,32.91106414794922,54.14592742919922,9,136
2016-09-25,29.0,35.58405303955078,14.752341270446777,9,136
2016-10-02,38.0,30.858644485473633,50.428367614746094,9,136
2016-10-09,46.0,24.341102600097656,28.62286949157715,10,140
2016-10-16,59.0,59.89057159423828,32.79283905029297,10,140
2016-10-23,47.0,25.622467041015625,27.44230079650879,10,140
2016-10-30,29.0,45.571048736572266,23.116872787475586,10,140
2016-11-06,42.0,20.696752548217773,23.811256408691406,11,144
2016-11-13,36.0,24.418033599853516,20.855852127075195,11,144
2016-11-20,22.0,64.37644958496094,32.40361404418945,11,144
2016-11-27,48.0,24.877485275268555,23.751262664794922,11,144
2016-12-04,55.0,57.715518951416016,47.26752471923828,12,148
2016-12-11,71.0,34.751426696777344,45.2293701171875,12,148
2016-12-18,88.0,34.02582931518555,51.56794357299805,12,148
2016-12-25,31.0,45.50727844238281,36.63941955566406,12,148
2017-01-01,55.25,35.05831527709961,35.790138244628906,13,152
2017-01-08,47.65625,47.00630569458008,31.711328506469727,13,152
2017-01-15,31.66666667,39.312435150146484,69.84564208984375,13,152
2017-01-22,45.41666667,47.49372863769531,54.169158935546875,13,152
2017-01-29,55.41666667,18.541345596313477,35.78104019165039,14,156
2017-02-05,44.33333333,51.118804931640625,44.73291015625,14,156
2017-02-12,27.0,17.10723876953125,36.166778564453125,14,156
2017-02-19,18.0,34.22133255004883,38.60554885864258,14,156
2017-02-26,36.0,47.24978256225586,23.915306091308594,15,160
2017-03-05,48.0,22.32571029663086,25.024320602416992,15,160
2017-03-12,20.0,43.28599548339844,34.184356689453125,15,160
2017-03-19,25.0,23.06624984741211,26.625089645385742,15,160
2017-03-26,31.0,41.09681701660156,29.493600845336914,16,164
2017-04-02,20.0,25.688819885253906,26.397686004638672,16,164
2017-04-09,47.0,18.75506591796875,26.432687759399414,16,164
2017-04-16,58.0,18.0977725982666,27.513694763183594,16,164
2017-04-23,17.875,39.34965133666992,35.767730712890625,17,168
2017-04-30,48.0,49.62794876098633,51.458866119384766,17,168
2017-05-07,44.0,44.73743438720703,37.32856369018555,17,168
2017-05-14,24.0,54.92692947387695,25.67229652404785,17,168
2017-05-21,27.0,32.670780181884766,20.332305908203125,18,172
2017-05-28,23.0,69.75936889648438,42.37847900390625,18,172
2017-06-04,44.0,28.703229904174805,29.126794815063477,18,172
2017-06-11,37.0,20.064165115356445,26.1136474609375,18,172
2017-06-18,40.0,41.02531433105469,36.03078842163086,19,176
2017-06-25,23.0,21.479080200195312,39.061824798583984,19,176
2017-07-02,39.0,46.51620864868164,34.600975036621094,19,176
2017-07-09,37.0,34.03270721435547,59.41523361206055,19,176
2017-07-16,25.0,42.75376892089844,31.170719146728516,20,180
2017-07-23,31.0,23.727569580078125,30.405139923095703,20,180
2017-07-30,7.0,30.373323440551758,44.882408142089844,20,180
2017-08-06,13.0,6.980103492736816,26.9422550201416,20,180
2017-08-13,12.0,33.16474151611328,32.316776275634766,21,184
2017-08-20,20.0,10.287331581115723,22.57606315612793,21,184
2017-08-27,23.0,13.17128849029541,28.806364059448242,21,184
2017-09-03,16.0,21.48537254333496,26.99013328552246,21,184
2017-09-10,8.0,17.277292251586914,19.986019134521484,22,188
2017-09-17,30.0,36.812381744384766,18.20018768310547,22,188
2017-09-24,19.0,55.46540832519531,37.2561149597168,22,188
2017-10-01,98.0,12.102792739868164,20.688039779663086,22,188
2017-10-08,49.0,20.672155380249023,45.11000061035156,23,192
2017-10-15,52.0,46.12444305419922,46.34397506713867,23,192
2017-10-22,44.0,76.68310546875,35.11048889160156,23,192
2017-10-29,73.0,26.641082763671875,34.389305114746094,23,192
2017-11-05,35.0,56.78860092163086,40.06674575805664,24,196
2017-11-12,51.0,28.32520294189453,43.156795501708984,24,196
2017-11-19,69.0,62.86033630371094,41.1339111328125,24,196
2017-11-26,21.0,44.87437057495117,40.96117401123047,24,196
2017-12-03,40.0,18.521465301513672,20.192352294921875,25,200
2017-12-10,64.0,32.591697692871094,29.789520263671875,25,200
2017-12-17,34.0,35.77141189575195,51.36583709716797,25,200
2017-12-24,32.0,50.45138931274414,55.24538803100586,25,200
2017-12-31,63.0,21.86859130859375,46.4161262512207,26,204
2018-01-07,39.0,39.29278564453125,55.92756652832031,26,204
2018-01-14,44.0,28.29256820678711,51.507911682128906,26,204
2018-01-21,75.0,36.81983947753906,43.94995880126953,26,204
2018-01-28,47.0,48.37977600097656,45.80912780761719,27,208
2018-02-04,34.0,44.724853515625,50.48881912231445,27,208
2018-02-11,71.25,45.85203552246094,69.99897003173828,27,208
2018-02-18,48.0,50.22077178955078,49.34367370605469,27,208
2018-02-25,70.0,54.19363021850586,50.524986267089844,28,212
2018-03-04,68.0,54.05672073364258,52.06651306152344,28,212
2018-03-11,68.0,30.122896194458008,54.09442138671875,28,212
2018-03-18,61.0,30.122896194458008,50.25594711303711,28,212
2018-03-25,58.0,52.69028091430664,56.360782623291016,29,216
2018-04-01,51.0,50.4207763671875,55.63032913208008,29,216
2018-04-08,60.0,49.559425354003906,47.178314208984375,29,216
2018-04-15,52.0,45.704803466796875,62.090274810791016,29,216
2018-04-22,28.0,48.10589599609375,44.07069778442383,30,220
2018-04-29,66.0,36.23557662963867,35.057167053222656,30,220
2018-05-06,26.0,46.079593658447266,26.75567626953125,30,220
2018-05-13,31.0,19.42156219482422,44.0967903137207,30,220
2018-05-20,47.0,47.734317779541016,43.88414001464844,31,224
2018-05-27,31.0,45.532955169677734,31.964895248413086,31,224
2018-06-03,45.0,45.395912170410156,39.02065658569336,31,224
2018-06-10,23.0,32.091392517089844,18.78464698791504,31,224
2018-06-17,16.0,47.0402946472168,24.26068878173828,32,228
2018-06-24,29.0,19.92110824584961,37.740535736083984,32,228
2018-07-01,31.0,23.665283203125,47.32034683227539,32,228
2018-07-08,41.0,29.14203643798828,36.18131637573242,32,228
2018-07-15,11.0,27.316171646118164,9.584911346435547,33,232
2018-07-22,24.0,25.564504623413086,24.963241577148438,33,232
2018-07-29,4.0,28.2040958404541,33.87517547607422,33,232
2018-08-05,9.0,20.07975959777832,18.90373420715332,33,232
2018-08-12,13.0,26.86177635192871,23.41152572631836,34,236
2018-08-19,28.0,16.71615219116211,30.451753616333008,34,236
2018-08-26,79.0,33.99417495727539,31.639495849609375,34,236
2018-09-02,36.0,23.293743133544922,12.585994720458984,34,236
2018-09-09,43.0,30.951274871826172,21.71859359741211,35,240
2018-09-16,42.0,34.51837158203125,28.010147094726562,35,240
2018-09-23,47.0,65.54796600341797,31.307077407836914,35,240
2018-09-30,67.0,39.48212814331055,16.40229606628418,35,240
2018-10-07,63.0,67.9512939453125,42.65901184082031,36,244
2018-10-14,56.0,44.22517776489258,34.70154571533203,36,244
2018-10-21,67.0,45.77413558959961,43.44860076904297,36,244
2018-10-28,116.0,50.17155075073242,41.80150604248047,36,244
2018-11-04,46.0,36.140872955322266,42.61090850830078,37,248
2018-11-11,93.0,48.593040466308594,69.49871826171875,37,248
2018-11-18,100.0,32.1933479309082,41.051536560058594,37,248
2018-11-25,67.0,36.140872955322266,45.33241653442383,37,248
2018-12-02,70.0,91.05855560302734,84.6224365234375,38,252
2018-12-09,56.0,90.945068359375,84.0102767944336,38,252
2018-12-16,98.0,90.6737060546875,86.6116943359375,38,252
2018-12-23,58.0,73.07833862304688,66.2956314086914,38,252
2018-12-30,96.0,51.39375686645508,80.40982055664062,39,256
2019-01-06,54.0,93.92413330078125,80.0150146484375,39,256
2019-01-13,50.0,92.41582489013672,81.08037567138672,39,256
2019-01-20,121.0,71.32815551757812,89.98982238769531,39,256
2019-01-27,93.0,47.4598274230957,60.22590637207031,40,260
2019-02-03,131.0,80.40548706054688,76.3758544921875,40,260
2019-02-10,62.0,56.30597686767578,61.1243896484375,40,260
2019-02-17,35.0,65.78129577636719,57.57895278930664,40,260
2019-02-24,31.0,88.31864166259766,66.81141662597656,41,264
2019-03-03,57.0,88.59422302246094,68.85502624511719,41,264
2019-03-10,26.0,33.40147399902344,38.4952392578125,41,264
2019-03-17,88.0,50.168312072753906,32.57844924926758,41,264
2019-03-24,74.0,56.73164367675781,59.11329650878906,42,268
2019-03-31,53.0,53.917930603027344,48.40920639038086,42,268
2019-04-07,51.0,55.83421325683594,45.59116744995117,42,268
2019-04-14,42.0,65.3388671875,49.82747268676758,42,268
2019-04-21,36.0,34.82556915283203,57.63129806518555,43,272
2019-04-28,62.0,54.34861755371094,50.89287185668945,43,272
2019-05-05,64.0,39.910545349121094,47.44921112060547,43,272
2019-05-12,123.0,49.478759765625,39.05872344970703,43,272
2019-05-19,61.29166667,55.09261703491211,80.49000549316406,44,276
2019-05-26,65.0,68.21560668945312,60.37478256225586,44,276
2019-06-02,27.0,70.90371704101562,63.101234436035156,44,276
2019-06-09,45.0,52.83696746826172,55.315330505371094,44,276
2019-06-16,23.0,50.63850402832031,46.112213134765625,45,280
2019-06-23,32.0,26.450279235839844,43.49159240722656,45,280
2019-06-30,28.0,37.03254318237305,31.457998275756836,45,280
2019-07-07,17.0,38.41605758666992,27.454877853393555,45,280
2019-07-14,15.0,25.54262351989746,22.462661743164062,46,284
2019-07-21,15.0,25.1501407623291,26.097431182861328,46,284
2019-07-28,30.0,21.049484252929688,29.510780334472656,46,284
2019-08-04,48.0,26.62409782409668,40.386863708496094,46,284
2019-08-11,66.0,47.99232482910156,35.457008361816406,47,288
2019-08-18,35.0,39.375762939453125,44.975067138671875,47,288
2019-08-25,24.0,51.65085220336914,37.09129333496094,47,288
2019-09-01,15.0,20.117164611816406,37.221168518066406,47,288
2019-09-08,15.0,44.55316162109375,34.55026626586914,48,292
2019-09-15,30.0,23.222280502319336,25.36426544189453,48,292
2019-09-22,26.0,36.1155891418457,36.33616638183594,48,292
2019-09-29,40.41666667,29.620609283447266,32.773075103759766,48,292
